reactant_0,reactant_1,product_0,product_1,original_reaction_id,reaction_id,source
OO,C[CH]CCO,[O]O,CCCCO,rxn_1,0,ZEUS
OO,CCC[CH]O,[O]O,CCCCO,rxn_3,1,ZEUS
OO,C[CH]C(C)O,[O]O,CCC(C)O,rxn_5,2,ZEUS
OO,CC[C](C)O,[O]O,CCC(C)O,rxn_6,3,ZEUS
OO,[CH2]C(C)(C)O,[O]O,CC(C)(C)O,rxn_8,4,ZEUS
C=O,[CH2]C(=C)C,[CH]=O,C=C(C)C,rxn_9,5,ZEUS
CCC,C[C](C)CO,C[CH]C,CC(C)CO,rxn_10,6,ZEUS
C=C(C)C,C[C](C)CO,[CH2]C(=C)C,CC(C)CO,rxn_13,7,ZEUS
C=C(C)C,CC(C)[CH]O,[CH2]C(=C)C,CC(C)CO,rxn_14,8,ZEUS
C=C(C)C,CC(C)C[O],[CH2]C(=C)C,CC(C)CO,rxn_15,9,ZEUS
C=CC,[CH2]C(C)CO,[CH2]C=C,CC(C)CO,rxn_16,10,ZEUS
C=CC,CC(C)[CH]O,[CH2]C=C,CC(C)CO,rxn_18,11,ZEUS
CC(C)C=O,[H],C[C](C)C=O,[H][H],rxn_30,12,ZEUS
C=C(C)C,CC=C[O],[CH2]C(=C)C,CC=CO,rxn_31,13,ZEUS
CC=CC,[O]O,[CH2]C=CC,OO,rxn_32,14,ZEUS
OO,C[C]=CC,[O]O,CC=CC,rxn_33,15,ZEUS
C=CCC,[O]O,C=C[CH]C,OO,rxn_34,16,ZEUS
OO,[CH]=CCC,[O]O,C=CCC,rxn_35,17,ZEUS
OO,CCC=C[O],[O]O,CCC=CO,rxn_36,18,ZEUS
OO,CO[O],[O]O,COO,rxn_37,19,ZEUS
C=CCC,CO[O],C=C[CH]C,COO,rxn_38,20,ZEUS
OO,[CH2]C=C,[O]O,C=CC,rxn_39,21,ZEUS
CC(C)CO,C[CH]C,C[C](C)CO,CCC,rxn_41,22,ZEUS
CC(C)=O,[OH],[CH2]C(C)=O,O,rxn_42,23,ZEUS
CCC(C)=O,[OH],[CH2]C(=O)CC,O,rxn_43,24,ZEUS
CCC(C)=O,[OH],C[CH]C(C)=O,O,rxn_44,25,ZEUS
CCC(C)=O,[OH],[CH2]CC(C)=O,O,rxn_45,26,ZEUS
CC(=O)C(C)C,[OH],[CH2]C(=O)C(C)C,O,rxn_46,27,ZEUS
CC(=O)C(C)C,[OH],C[C](C)C(C)=O,O,rxn_47,28,ZEUS
CC(=O)C(C)C,[OH],[CH2]C(C)C(C)=O,O,rxn_48,29,ZEUS
CCCCO,[OH],O,CCC[CH]O,rxn_49,30,ZEUS
C,[SH],[CH3],S,rxn_50,31,ZEUS
CC,[SH],C[CH2],S,rxn_51,32,ZEUS
CCC,[SH],[CH2]CC,S,rxn_52,33,ZEUS
CCC,[SH],C[CH]C,S,rxn_53,34,ZEUS
CCCC,[SH],C[CH]CC,S,rxn_54,35,ZEUS
C=C,[SH],[CH]=C,S,rxn_55,36,ZEUS
C=CC,[SH],[CH2]C=C,S,rxn_56,37,ZEUS
C=CCC,[SH],C=C[CH]C,S,rxn_57,38,ZEUS
C=CCC,[SH],C=[C]CC,S,rxn_58,39,ZEUS
C=C=C,[SH],[CH]=C=C,S,rxn_59,40,ZEUS
C#CCC,[SH],C#C[CH]C,S,rxn_60,41,ZEUS
[O],[N]=C=N,[OH],[N]=C=[N],rxn_61,42,ZEUS
[O][O],[N]=C=N,[O]O,[N]=C=[N],rxn_62,43,ZEUS
[N],[H][H],[NH],[H],rxn_63,44,ZEUS
[N]=C=N,[OH],O,[N]=C=[N],rxn_65,45,ZEUS
[NH2],[H][H],N,[H],rxn_67,46,ZEUS
[NH2],C,N,[CH3],rxn_68,47,ZEUS
[NH2],O,N,[OH],rxn_69,48,ZEUS
S,[H],[SH],[H][H],rxn_70,49,ZEUS
[H][H],[S],[SH],[H],rxn_72,50,ZEUS
C,[S],[SH],[CH3],rxn_73,51,ZEUS
CC,[S],[SH],C[CH2],rxn_74,52,ZEUS
SS,[H],[S]S,[H][H],rxn_77,53,ZEUS
SS,[SH],S,[S]S,rxn_78,54,ZEUS
ON=O,[H],[H][H],[O]N=O,rxn_80,55,ZEUS
C#N,[H],[C]#N,[H][H],rxn_87,56,ZEUS
C#N,[OH],[C]#N,O,rxn_88,57,ZEUS
CS,[H],C[S],[H][H],rxn_89,58,ZEUS
CS,[H],[CH2]S,[H][H],rxn_90,59,ZEUS
[NH2],CC,N,C[CH2],rxn_91,60,ZEUS
[NH2],CCC,N,[CH2]CC,rxn_92,61,ZEUS
[NH2],CCC,N,C[CH]C,rxn_93,62,ZEUS
[NH2],CCCC,N,[CH2]CCC,rxn_94,63,ZEUS
[NH2],CCCC,N,C[CH]CC,rxn_95,64,ZEUS
[NH2],CC(C)C,N,[CH2]C(C)C,rxn_96,65,ZEUS
[NH2],CC(C)C,N,C[C](C)C,rxn_97,66,ZEUS
[NH2],CCC(C)C,N,CC[C](C)C,rxn_98,67,ZEUS
[NH2],C=CC,N,[CH]=CC,rxn_99,68,ZEUS
[NH2],C=CC,N,[CH2]C=C,rxn_100,69,ZEUS
[NH2],C=CCC,N,[CH2]CC=C,rxn_101,70,ZEUS
[NH2],CC=CC,N,[CH2]C=CC,rxn_102,71,ZEUS
[NH2],C=C(C)CC,N,C=C(C)[CH]C,rxn_103,72,ZEUS
[NH2],C=CC(C)C,N,[CH2]C(C)C=C,rxn_104,73,ZEUS
[NH2],C=CC(C)C,N,C=C[C](C)C,rxn_105,74,ZEUS
[NH2],CC=C(C)C,N,[CH2]C(C)=CC,rxn_106,75,ZEUS
[NH2],C=C,N,[CH]=C,rxn_107,76,ZEUS
[NH2],C#CCC,N,C#C[CH]C,rxn_108,77,ZEUS
[NH2],C#CC(C)C,N,C#C[C](C)C,rxn_110,78,ZEUS
CCN,[H],[CH2]CN,[H][H],rxn_111,79,ZEUS
CCN,[H],C[CH]N,[H][H],rxn_112,80,ZEUS
CCN,[H],CC[NH],[H][H],rxn_113,81,ZEUS
CCN,[CH3],[CH2]CN,C,rxn_114,82,ZEUS
CCN,[CH3],C[CH]N,C,rxn_115,83,ZEUS
CCN,[CH3],CC[NH],C,rxn_116,84,ZEUS
CCN,[NH2],[CH2]CN,N,rxn_117,85,ZEUS
CCN,[NH2],C[CH]N,N,rxn_118,86,ZEUS
CCN,[NH2],CC[NH],N,rxn_119,87,ZEUS
CCN,[OH],[CH2]CN,O,rxn_120,88,ZEUS
CCN,[OH],C[CH]N,O,rxn_121,89,ZEUS
CCN,[OH],CC[NH],O,rxn_122,90,ZEUS
NN,[H],[NH]N,[H][H],rxn_123,91,ZEUS
NN,[CH3],[NH]N,C,rxn_124,92,ZEUS
NN,[NH2],[NH]N,N,rxn_125,93,ZEUS
CC=N,[H],[CH2]C=N,[H][H],rxn_126,94,ZEUS
CC=N,[H],CC=[N],[H][H],rxn_127,95,ZEUS
[NH],C,[NH2],[CH3],rxn_128,96,ZEUS
[NH],CC,[NH2],C[CH2],rxn_129,97,ZEUS
[NH],N=C=O,[NH2],[N]=C=O,rxn_130,98,ZEUS
[Cl],C,Cl,[CH3],rxn_131,99,ZEUS
[Cl],CC,Cl,C[CH2],rxn_132,100,ZEUS
[Cl],CCC,Cl,[CH2]CC,rxn_133,101,ZEUS
[Cl],CCC,Cl,C[CH]C,rxn_134,102,ZEUS
[Cl],CCCC,Cl,[CH2]CCC,rxn_135,103,ZEUS
[Cl],CCCC,Cl,C[CH]CC,rxn_136,104,ZEUS
[Cl],CC=O,Cl,C[C]=O,rxn_138,105,ZEUS
[Cl],CC(C)=O,Cl,[CH2]C(C)=O,rxn_139,106,ZEUS
[Cl],CO,Cl,[CH2]O,rxn_140,107,ZEUS
[Cl],CCO,Cl,C[CH]O,rxn_142,108,ZEUS
[Cl],CCO,Cl,[CH2]CO,rxn_143,109,ZEUS
[Cl],O,Cl,[OH],rxn_144,110,ZEUS
[Cl],OO,Cl,[O]O,rxn_145,111,ZEUS
[Cl],[H][H],Cl,[H],rxn_146,112,ZEUS
[Cl],CCCCOC=O,Cl,[CH2]CCCOC=O,rxn_147,113,ZEUS
[Cl],CCCCOC=O,Cl,C[CH]CCOC=O,rxn_148,114,ZEUS
[Cl],CCCCOC=O,Cl,CC[CH]COC=O,rxn_149,115,ZEUS
[Cl],C=C=C,Cl,[CH]=C=C,rxn_151,116,ZEUS
[Cl],C1CCC1,Cl,[CH]1CCC1,rxn_153,117,ZEUS
[Cl],C1COCCO1,Cl,[CH]1COCCO1,rxn_154,118,ZEUS
[Cl],CCCCOC(C)=O,Cl,[CH2]CCCOC(C)=O,rxn_155,119,ZEUS
[Cl],CCCCOC(C)=O,Cl,C[CH]CCOC(C)=O,rxn_156,120,ZEUS
[Cl],COC,Cl,[CH2]OC,rxn_159,121,ZEUS
[Cl],C=CC,Cl,[CH2]C=C,rxn_160,122,ZEUS
[Cl],C1CCCCC1,Cl,[CH]1CCCCC1,rxn_161,123,ZEUS
[Cl],CC(C)C,Cl,[CH2]C(C)C,rxn_166,124,ZEUS
[Cl],C1CC1,Cl,[CH]1CC1,rxn_168,125,ZEUS
[Cl],C=C,Cl,[CH]=C,rxn_170,126,ZEUS
C=CC,[c]1ccccc1,c1ccccc1,[CH]=CC,rxn_174,127,ZEUS
C=CC,[c]1ccccc1,c1ccccc1,C=[C]C,rxn_175,128,ZEUS
C=CC,[c]1ccccc1,c1ccccc1,[CH2]C=C,rxn_176,129,ZEUS
C=CC=C,[CH]=C,C=C,[CH]=CC=C,rxn_177,130,ZEUS
C=CC=C,[CH]=C,C=C,C=[C]C=C,rxn_178,131,ZEUS
C=CC=C,[c]1ccccc1,c1ccccc1,C=[C]C=C,rxn_179,132,ZEUS
C=CC=C,[c]1ccccc1,c1ccccc1,[CH]=CC=C,rxn_180,133,ZEUS
c1ccccc1,[CH3],C,[c]1ccccc1,rxn_181,134,ZEUS
Cc1ccccc1,[H],[H][H],[CH2]c1ccccc1,rxn_182,135,ZEUS
Cc1ccccc1,[H],[H][H],Cc1[c]cccc1,rxn_183,136,ZEUS
C#CCc1ccccc1,[H],[H][H],C#CCc1[c]cccc1,rxn_184,137,ZEUS
C=C=Cc1ccccc1,[H],[H][H],C=C=Cc1[c]cccc1,rxn_185,138,ZEUS
C,[H],[CH3],[H][H],rxn_186,139,ZEUS
C,[OH],[CH3],O,rxn_188,140,ZEUS
C,[O]O,[CH3],OO,rxn_189,141,ZEUS
C,[O][O],[CH3],[O]O,rxn_190,142,ZEUS
CO,[H],[CH2]O,[H][H],rxn_191,143,ZEUS
CO,[H],C[O],[H][H],rxn_192,144,ZEUS
CO,[O],[CH2]O,[OH],rxn_193,145,ZEUS
CO,[O],C[O],[OH],rxn_194,146,ZEUS
CO,[OH],[CH2]O,O,rxn_195,147,ZEUS
CO,[OH],C[O],O,rxn_196,148,ZEUS
CO,[O]O,[CH2]O,OO,rxn_197,149,ZEUS
CO,[O]O,C[O],OO,rxn_198,150,ZEUS
CO,[O][O],[CH2]O,[O]O,rxn_199,151,ZEUS
C[O],[O]O,CO,[O][O],rxn_200,152,ZEUS
CO,[CH3],[CH2]O,C,rxn_201,153,ZEUS
COO,[H],[CH2]OO,[H][H],rxn_202,154,ZEUS
COO,[H],CO[O],[H][H],rxn_203,155,ZEUS
COO,[O],[CH2]OO,[OH],rxn_204,156,ZEUS
COO,[OH],CO[O],O,rxn_206,157,ZEUS
COO,[OH],[CH2]OO,O,rxn_207,158,ZEUS
COO,[O]O,CO[O],OO,rxn_208,159,ZEUS
CO[O],C,COO,[CH3],rxn_209,160,ZEUS
CC,[H],C[CH2],[H][H],rxn_210,161,ZEUS
CC,[O],C[CH2],[OH],rxn_211,162,ZEUS
CC,[OH],C[CH2],O,rxn_212,163,ZEUS
CC,[O]O,C[CH2],OO,rxn_213,164,ZEUS
CC,[O][O],C[CH2],[O]O,rxn_214,165,ZEUS
CC,[CH3],C[CH2],C,rxn_215,166,ZEUS
CO[O],CC,COO,C[CH2],rxn_216,167,ZEUS
C=C,[H],[CH]=C,[H][H],rxn_217,168,ZEUS
C=C,[OH],[CH]=C,O,rxn_218,169,ZEUS
CCO,[H],C[CH]O,[H][H],rxn_220,170,ZEUS
CCO,[H],[CH2]CO,[H][H],rxn_221,171,ZEUS
CCO,[H],CC[O],[H][H],rxn_222,172,ZEUS
CCO,[O],[CH2]CO,[OH],rxn_223,173,ZEUS
CCO,[O],C[CH]O,[OH],rxn_224,174,ZEUS
CCO,[O],CC[O],[OH],rxn_225,175,ZEUS
CCO,[OH],C[CH]O,O,rxn_226,176,ZEUS
CCO,[OH],[CH2]CO,O,rxn_227,177,ZEUS
CCO,[O]O,C[CH]O,OO,rxn_228,178,ZEUS
CCO,[O]O,[CH2]CO,OO,rxn_229,179,ZEUS
CCO,[O]O,CC[O],OO,rxn_230,180,ZEUS
CCO,[CH3],C[CH]O,C,rxn_231,181,ZEUS
CCO,[CH3],[CH2]CO,C,rxn_232,182,ZEUS
CCO,[CH3],CC[O],C,rxn_233,183,ZEUS
CC=O,[H],[CH2]C=O,[H][H],rxn_235,184,ZEUS
CC=O,[OH],C[C]=O,O,rxn_237,185,ZEUS
CC=O,[OH],[CH2]C=O,O,rxn_238,186,ZEUS
CC=O,[O]O,C[C]=O,OO,rxn_239,187,ZEUS
CC=O,[O]O,[CH2]C=O,OO,rxn_240,188,ZEUS
CC=O,[CH3],C[C]=O,C,rxn_242,189,ZEUS
CCO[O],[O]O,CCOO,[O][O],rxn_243,190,ZEUS
CC(=O)O[O],[O]O,CC(=O)OO,[O][O],rxn_244,191,ZEUS
C#CC,[H],[H][H],C#C[CH2],rxn_247,192,ZEUS
C=C=C,[H],[H][H],[CH]=C=C,rxn_248,193,ZEUS
C#CC=C,[CH3],C,C#C[C]=C,rxn_249,194,ZEUS
C#CC=C,[H],[H][H],C#C[C]=C,rxn_250,195,ZEUS
C=C=CC,[CH3],C,[CH]=C=CC,rxn_251,196,ZEUS
C=C=CC,[H],[H][H],[CH]=C=CC,rxn_252,197,ZEUS
C#CCC,[CH3],C,C#C[CH]C,rxn_253,198,ZEUS
C#CCC,[H],[H][H],C#C[CH]C,rxn_254,199,ZEUS
C#CC,[OH],O,C#C[CH2],rxn_255,200,ZEUS
C=C=C,[OH],O,[CH]=C=C,rxn_256,201,ZEUS
Cc1ccccc1,[OH],O,[CH2]c1ccccc1,rxn_257,202,ZEUS
Cc1ccccc1,[OH],O,Cc1[c]cccc1,rxn_258,203,ZEUS
Cc1ccccc1,[OH],O,Cc1c[c]ccc1,rxn_259,204,ZEUS
Cc1ccccc1,[OH],O,Cc1cc[c]cc1,rxn_260,205,ZEUS
Cc1ccccc1,[H],[H][H],Cc1c[c]ccc1,rxn_261,206,ZEUS
Cc1ccccc1,[H],[H][H],Cc1cc[c]cc1,rxn_262,207,ZEUS
Cc1ccccc1,[O],[OH],[CH2]c1ccccc1,rxn_263,208,ZEUS
Cc1ccccc1,[O],[OH],Cc1[c]cccc1,rxn_264,209,ZEUS
Cc1ccccc1,[O],[OH],Cc1c[c]ccc1,rxn_265,210,ZEUS
Cc1ccccc1,[O],[OH],Cc1cc[c]cc1,rxn_266,211,ZEUS
Cc1ccccc1,[CH3],C,Cc1[c]cccc1,rxn_268,212,ZEUS
Cc1ccccc1,[CH3],C,Cc1c[c]ccc1,rxn_269,213,ZEUS
Cc1ccccc1,[CH3],C,Cc1cc[c]cc1,rxn_270,214,ZEUS
Cc1ccccc1,[O]O,OO,Cc1c[c]ccc1,rxn_273,215,ZEUS
Cc1ccccc1,[O]O,OO,Cc1cc[c]cc1,rxn_274,216,ZEUS
c1ccccc1,[H],[H][H],[c]1ccccc1,rxn_275,217,ZEUS
C1=Cc2cccc3cccc1c23,[H],[H][H],[C]1=Cc2cccc3cccc1c23,rxn_276,218,ZEUS
c1ccccc1,[OH],O,[c]1ccccc1,rxn_277,219,ZEUS
c1ccccc1,[CH3],C,[c]1ccccc1,rxn_278,220,ZEUS
c1ccccc1,C[CH2],CC,[c]1ccccc1,rxn_279,221,ZEUS
[c]1ccccc1,[H][H],c1ccccc1,[H],rxn_282,222,ZEUS
[H][H],[O],[OH],[H],rxn_285,223,ZEUS
[H][H],[OH],O,[H],rxn_286,224,ZEUS
[H][H],C[O],CO,[H],rxn_287,225,ZEUS
[H][H],[CH3],C,[H],rxn_288,226,ZEUS
[H][H],[O][O],[O]O,[H],rxn_289,227,ZEUS
[OH],CC,O,C[CH2],rxn_290,228,ZEUS
[OH],CCC,O,C[CH]C,rxn_291,229,ZEUS
CC,[O],[OH],C[CH2],rxn_293,230,ZEUS
[O]O,CC,OO,C[CH2],rxn_296,231,ZEUS
[O]O,CCC,OO,C[CH]C,rxn_297,232,ZEUS
[O]O,CC(C)C,OO,C[C](C)C,rxn_298,233,ZEUS
C[O],CC,CO,C[CH2],rxn_299,234,ZEUS
C[O],CCC,CO,C[CH]C,rxn_300,235,ZEUS
C[O],CC(C)C,CO,C[C](C)C,rxn_301,236,ZEUS
CC,[O][O],[O]O,C[CH2],rxn_302,237,ZEUS
CCC,[O][O],[O]O,C[CH]C,rxn_303,238,ZEUS
[H][H],[O][O],[O]O,[H],rxn_305,239,ZEUS
[H][H],[CH]=C,C=C,[H],rxn_306,240,ZEUS
[H][H],[C]#C,C#C,[H],rxn_307,241,ZEUS
[H][H],[c]1ccccc1,c1ccccc1,[H],rxn_308,242,ZEUS
[H][H],[CH]=O,C=O,[H],rxn_309,243,ZEUS
[H][H],C[C]=O,CC=O,[H],rxn_310,244,ZEUS
[H][H],[OH],O,[H],rxn_311,245,ZEUS
[H][H],C[O],CO,[H],rxn_312,246,ZEUS
C,[O][O],[O]O,[CH3],rxn_313,247,ZEUS
C[CH2],C,CC,[CH3],rxn_314,248,ZEUS
C[CH]C,C,CCC,[CH3],rxn_315,249,ZEUS
[c]1ccccc1,C,c1ccccc1,[CH3],rxn_317,250,ZEUS
[CH]=O,C,C=O,[CH3],rxn_318,251,ZEUS
C,C[C]=O,CC=O,[CH3],rxn_319,252,ZEUS
[OH],C,O,[CH3],rxn_320,253,ZEUS
C[O],C,CO,[CH3],rxn_321,254,ZEUS
[O]O,C,OO,[CH3],rxn_322,255,ZEUS
[C]#C,CC,C#C,C[CH2],rxn_323,256,ZEUS
[c]1ccccc1,CC,c1ccccc1,C[CH2],rxn_324,257,ZEUS
[CH]=O,CC,C=O,C[CH2],rxn_325,258,ZEUS
C[C]=O,CC,CC=O,C[CH2],rxn_326,259,ZEUS
[OH],CC=O,O,[CH2]C=O,rxn_327,260,ZEUS
CO,[CH3],C,C[O],rxn_328,261,ZEUS
[OH],CO,O,[CH2]O,rxn_329,262,ZEUS
[CH2],CCC,[CH3],C[CH]C,rxn_330,263,ZEUS
[CH2]O,CCC,CO,C[CH]C,rxn_331,264,ZEUS
[CH]=C,CCC,C=C,C[CH]C,rxn_332,265,ZEUS
[C]#C,CCC,C#C,C[CH]C,rxn_333,266,ZEUS
[CH]=O,CCC,C=O,C[CH]C,rxn_334,267,ZEUS
C[C]=O,CCC,CC=O,C[CH]C,rxn_335,268,ZEUS
[CH]=C,CC(C)C,C=C,C[C](C)C,rxn_337,269,ZEUS
[C]#C,CC(C)C,C#C,C[C](C)C,rxn_338,270,ZEUS
C=C,[O][O],[O]O,[CH]=C,rxn_341,271,ZEUS
C=C,[O],[OH],[CH]=C,rxn_342,272,ZEUS
C=C,C[CH2],CC,[CH]=C,rxn_343,273,ZEUS
[OH],C=C,O,[CH]=C,rxn_344,274,ZEUS
C=CC,[O],[OH],C=[C]C,rxn_345,275,ZEUS
[H],C=CC,[H][H],C=[C]C,rxn_346,276,ZEUS
[CH3],C=CC,C,C=[C]C,rxn_347,277,ZEUS
[CH]=C,C=CC,C=C,C=[C]C,rxn_348,278,ZEUS
[C]#C,C=CC,C#C,C=[C]C,rxn_349,279,ZEUS
[OH],C=CC,O,C=[C]C,rxn_350,280,ZEUS
C#C,C[CH2],CC,[C]#C,rxn_352,281,ZEUS
[OH],C#C,O,[C]#C,rxn_353,282,ZEUS
[H],c1ccccc1,[H][H],[c]1ccccc1,rxn_355,283,ZEUS
C[CH2],c1ccccc1,CC,[c]1ccccc1,rxn_356,284,ZEUS
[OH],c1ccccc1,O,[c]1ccccc1,rxn_357,285,ZEUS
C=O,[O][O],[O]O,[CH]=O,rxn_358,286,ZEUS
[CH2],C=O,[CH3],[CH]=O,rxn_360,287,ZEUS
[CH3],C=O,C,[CH]=O,rxn_361,288,ZEUS
C=O,C[CH2],CC,[CH]=O,rxn_362,289,ZEUS
C=O,C[CH]C,CCC,[CH]=O,rxn_363,290,ZEUS
[CH]=C,C=O,C=C,[CH]=O,rxn_365,291,ZEUS
C=O,C[C]=O,CC=O,[CH]=O,rxn_366,292,ZEUS
[OH],C=O,O,[CH]=O,rxn_367,293,ZEUS
C=O,C[O],CO,[CH]=O,rxn_368,294,ZEUS
[O]O,C=O,OO,[CH]=O,rxn_369,295,ZEUS
CC=O,[O][O],[O]O,C[C]=O,rxn_370,296,ZEUS
[H],CC=O,[H][H],C[C]=O,rxn_372,297,ZEUS
[CH3],CC=O,C,C[C]=O,rxn_373,298,ZEUS
[OH],CC=O,O,C[C]=O,rxn_376,299,ZEUS
[O]O,CC=O,OO,C[C]=O,rxn_377,300,ZEUS
O,[O][O],[O]O,[OH],rxn_378,301,ZEUS
[H],O,[H][H],[OH],rxn_380,302,ZEUS
O,[CH3],C,[OH],rxn_381,303,ZEUS
O,C[CH2],CC,[OH],rxn_382,304,ZEUS
O,[CH]=C,C=C,[OH],rxn_383,305,ZEUS
O,[CH]=O,C=O,[OH],rxn_384,306,ZEUS
O,C[O],CO,[OH],rxn_385,307,ZEUS
CO,[O],[OH],C[O],rxn_386,308,ZEUS
[CH2],CO,[CH3],C[O],rxn_387,309,ZEUS
CO,[CH3],C,C[O],rxn_388,310,ZEUS
CO,C[CH2],CC,C[O],rxn_389,311,ZEUS
CO,C[CH]C,CCC,C[O],rxn_390,312,ZEUS
CO,C[C](C)C,CC(C)C,C[O],rxn_391,313,ZEUS
[CH]=C,CO,C=C,C[O],rxn_392,314,ZEUS
[C]#C,CO,C#C,C[O],rxn_393,315,ZEUS
[OH],CO,O,C[O],rxn_394,316,ZEUS
OO,C[CH]CCO,CCCCO,[O]O,rxn_396,317,ZEUS
OO,CCC[CH]O,CCCCO,[O]O,rxn_398,318,ZEUS
OO,[CH2]CC(C)O,CCC(C)O,[O]O,rxn_399,319,ZEUS
OO,C[CH]C(C)O,CCC(C)O,[O]O,rxn_400,320,ZEUS
OO,CC[C](C)O,CCC(C)O,[O]O,rxn_401,321,ZEUS
OO,[CH2]C(C)(C)O,CC(C)(C)O,[O]O,rxn_403,322,ZEUS
C=O,[CH2]C(=C)C,C=C(C)C,[CH]=O,rxn_405,323,ZEUS
C[C](C)CO,CCC,CC(C)CO,C[CH]C,rxn_406,324,ZEUS
CC(C)CO,C[CH]C,CCC,CC(C)[CH]O,rxn_407,325,ZEUS
C[C](C)CO,C=C(C)C,CC(C)CO,[CH2]C(=C)C,rxn_409,326,ZEUS
CC(C)[CH]O,C=C(C)C,CC(C)CO,[CH2]C(=C)C,rxn_410,327,ZEUS
C[C](C)CO,C=CC,CC(C)CO,[CH2]C=C,rxn_413,328,ZEUS
CC(C)[CH]O,C=CC,CC(C)CO,[CH2]C=C,rxn_414,329,ZEUS
C=CC,CC(C)C[O],CC(C)CO,[CH2]C=C,rxn_415,330,ZEUS
CC(C)CO,C[CH2],CC,C[C](C)CO,rxn_417,331,ZEUS
CC(C)CO,C[CH2],CC,CC(C)[CH]O,rxn_418,332,ZEUS
CC(C)C[O],CC,CC(C)CO,C[CH2],rxn_419,333,ZEUS
[CH]=C,CC(C)CO,C=C,C[C](C)CO,rxn_420,334,ZEUS
CC(C)CO,C=[C]C,C=CC,CC(C)[CH]O,rxn_422,335,ZEUS
CC(C)CO,C[CH]C=O,CCC=O,C[C](C)CO,rxn_424,336,ZEUS
CC(C)CO,C[CH]C=O,CCC=O,CC(C)[CH]O,rxn_425,337,ZEUS
[H],CC(C)C=O,[H][H],C[C](C)C=O,rxn_426,338,ZEUS
[O]O,C=CC,OO,[CH2]C=C,rxn_428,339,ZEUS
[O]O,CC=CC,OO,[CH2]C=CC,rxn_429,340,ZEUS
OO,C=[C]C,C=CC,[O]O,rxn_430,341,ZEUS
OO,C[C]=CC,CC=CC,[O]O,rxn_431,342,ZEUS
[O]O,C=CCC,OO,C=C[CH]C,rxn_432,343,ZEUS
[O]O,C=CCC,OO,C=C[CH]C,rxn_433,344,ZEUS
OO,[CH]=C,C=C,[O]O,rxn_434,345,ZEUS
OO,[CH]=CCC,C=CCC,[O]O,rxn_435,346,ZEUS
OO,CC=C[O],CC=CO,[O]O,rxn_437,347,ZEUS
OO,C=C[O],C=CO,[O]O,rxn_438,348,ZEUS
OO,CO[O],COO,[O]O,rxn_439,349,ZEUS
C=CCC,CO[O],COO,C=C[CH]C,rxn_440,350,ZEUS
OO,[CH2]C=C,C=CC,[O]O,rxn_441,351,ZEUS
[OH],Cc1ccccc1,O,[CH2]c1ccccc1,rxn_443,352,ZEUS
[O]O,CCc1ccccc1,OO,C[CH]c1ccccc1,rxn_445,353,ZEUS
CCc1ccccc1,[O][O],[O]O,C[CH]c1ccccc1,rxn_448,354,ZEUS
CCOO,C[CH]C,CCC,CCO[O],rxn_450,355,ZEUS
CCOO,C[CH2],CC,CCO[O],rxn_452,356,ZEUS
CC(C)OO,C[CH2],CC,CC(C)O[O],rxn_453,357,ZEUS
CCOO,C[C]=O,CC=O,CCO[O],rxn_456,358,ZEUS
CCOO,C[CH]C=O,CCC=O,CCO[O],rxn_458,359,ZEUS
CCOO,[CH2]C=O,CC=O,CCO[O],rxn_460,360,ZEUS
CC(C)OO,[CH2]C=O,CC=O,CC(C)O[O],rxn_461,361,ZEUS
C[CH2],CC=S,CC,C[C]=S,rxn_463,362,ZEUS
[SH],CCC=S,S,C[CH]C=S,rxn_464,363,ZEUS
[CH3],CCC=S,C,C[CH]C=S,rxn_465,364,ZEUS
SCC=C,C[S],CS,S[CH]C=C,rxn_466,365,ZEUS
[H],CO,[H][H],C[O],rxn_467,366,ZEUS
CC(C)CO,C[CH]C,CCC,C[C](C)CO,rxn_468,367,ZEUS
[OH],S,O,[SH],rxn_471,368,ZEUS
[OH],CS,O,C[S],rxn_472,369,ZEUS
CS,C[O],CO,C[S],rxn_473,370,ZEUS
S,C[O],CO,[SH],rxn_474,371,ZEUS
C[CH]S,CC=O,CCS,C[C]=O,rxn_475,372,ZEUS
CC(S)O,[CH3],C,C[C](S)O,rxn_476,373,ZEUS
SC=O,[CH3],C,[S]C=O,rxn_477,374,ZEUS
[SH],CC(S)O,S,C[C](S)O,rxn_478,375,ZEUS
[SH],CC=O,S,C[C]=O,rxn_479,376,ZEUS
[SH],C=CO,S,C=C[O],rxn_480,377,ZEUS
C=CO,C[S],CS,C=C[O],rxn_481,378,ZEUS
[NH2],CC,N,C[CH2],rxn_482,379,ZEUS
[CH3],C1CC2CCC1C2,C,[CH]1CC2CCC1C2,rxn_483,380,ZEUS
[NH2],CCC,N,C[CH]C,rxn_484,381,ZEUS
C[CH2],C1CC2CCC1C2,CC,[CH]1CC2CCC1C2,rxn_485,382,ZEUS
[NH2],CC(C)C,N,C[C](C)C,rxn_486,383,ZEUS
C[CH]C,C1CC2CCC1C2,CCC,[CH]1CC2CCC1C2,rxn_487,384,ZEUS
[H],N,[H][H],[NH2],rxn_488,385,ZEUS
N,[O],[OH],[NH2],rxn_490,386,ZEUS
[CH2]C=C,C1CC2CCC1C2,C=CC,[CH]1CC2CCC1C2,rxn_491,387,ZEUS
[OH],N,O,[NH2],rxn_492,388,ZEUS
[CH3],N,C,[NH2],rxn_494,389,ZEUS
[CH2]c1ccccc1,C1CC2CCC1C2,Cc1ccccc1,[CH]1C2CCC1CC2,rxn_547,390,ZEUS
C[CH]c1ccccc1,C1CC2CCC1C2,CCc1ccccc1,[CH]1C2CCC1CC2,rxn_548,391,ZEUS
C[C](C)c1ccccc1,C1CC2CCC1C2,CC(C)c1ccccc1,[CH]1C2CCC1CC2,rxn_549,392,ZEUS
[CH]=C,C1CC2CCC1C2,C=C,[CH]1C2CCC1CC2,rxn_550,393,ZEUS
C=[C]C,C1CC2CCC1C2,C=CC,[CH]1C2CCC1CC2,rxn_551,394,ZEUS
C=[C]C=C,C1CC2CCC1C2,C=CC=C,[CH]1C2CCC1CC2,rxn_552,395,ZEUS
[c]1ccccc1,C1CC2CCC1C2,c1ccccc1,[CH]1C2CCC1CC2,rxn_553,396,ZEUS
C#C[C]=C,C1CC2CCC1C2,C#CC=C,[CH]1C2CCC1CC2,rxn_554,397,ZEUS
[CH3],C1CC2CCCC2C1,C,C1C[C]2CCCC2C1,rxn_555,398,ZEUS
C[CH2],C1CC2CCCC2C1,CC,C1C[C]2CCCC2C1,rxn_556,399,ZEUS
C[CH]C,C1CC2CCCC2C1,CCC,C1C[C]2CCCC2C1,rxn_557,400,ZEUS
[CH2]C=C,C1CC2CCCC2C1,C=CC,C1C[C]2CCCC2C1,rxn_559,401,ZEUS
C=C[CH]C,C1CC2CCCC2C1,C=CCC,C1C[C]2CCCC2C1,rxn_560,402,ZEUS
C=C[C](C)C,C1CC2CCCC2C1,C=CC(C)C,C1C[C]2CCCC2C1,rxn_561,403,ZEUS
C=C[CH]C=C,C1CC2CCCC2C1,C=CCC=C,C1C[C]2CCCC2C1,rxn_562,404,ZEUS
C=C[C](C)C=C,C1CC2CCCC2C1,C=CC(C)C=C,C1C[C]2CCCC2C1,rxn_563,405,ZEUS
C#C[CH]C,C1CC2CCCC2C1,C#CCC,C1C[C]2CCCC2C1,rxn_565,406,ZEUS
C#C[C](C)C,C1CC2CCCC2C1,C#CC(C)C,C1C[C]2CCCC2C1,rxn_566,407,ZEUS
C#C[CH]C#C,C1CC2CCCC2C1,C#CCC#C,C1C[C]2CCCC2C1,rxn_567,408,ZEUS
C#C[C](C)C#C,C1CC2CCCC2C1,C#CC(C)C#C,C1C[C]2CCCC2C1,rxn_568,409,ZEUS
[CH2]c1ccccc1,C1CC2CCCC2C1,Cc1ccccc1,C1C[C]2CCCC2C1,rxn_569,410,ZEUS
C[CH]c1ccccc1,C1CC2CCCC2C1,CCc1ccccc1,C1C[C]2CCCC2C1,rxn_570,411,ZEUS
C[C](C)c1ccccc1,C1CC2CCCC2C1,CC(C)c1ccccc1,C1C[C]2CCCC2C1,rxn_571,412,ZEUS
[CH]=C,C1CC2CCCC2C1,C=C,C1C[C]2CCCC2C1,rxn_572,413,ZEUS
C=[C]C,C1CC2CCCC2C1,C=CC,C1C[C]2CCCC2C1,rxn_573,414,ZEUS
C=[C]C=C,C1CC2CCCC2C1,C=CC=C,C1C[C]2CCCC2C1,rxn_574,415,ZEUS
[c]1ccccc1,C1CC2CCCC2C1,c1ccccc1,C1C[C]2CCCC2C1,rxn_575,416,ZEUS
C#C[C]=C,C1CC2CCCC2C1,C#CC=C,C1C[C]2CCCC2C1,rxn_576,417,ZEUS
[CH3],C1CCC2CCCC2C1,C,[CH]1CCC2CCCCC12,rxn_577,418,ZEUS
C[CH2],C1CCC2CCCC2C1,CC,[CH]1CCC2CCCCC12,rxn_578,419,ZEUS
[CH2]C=C,C1CCC2CCCC2C1,C=CC,[CH]1CCC2CCCCC12,rxn_581,420,ZEUS
C=C[CH]C,C1CCC2CCCC2C1,C=CCC,[CH]1CCC2CCCCC12,rxn_582,421,ZEUS
C#C[CH2],C1CCC2CCCC2C1,C#CC,[CH]1CCC2CCCCC12,rxn_586,422,ZEUS
C#C[C](C)C#C,C1CCC2CCCC2C1,C#CC(C)C#C,[CH]1CCC2CCCCC12,rxn_590,423,ZEUS
[CH]=C,C1CCC2CCCC2C1,C=C,[CH]1CCC2CCCCC12,rxn_594,424,ZEUS
C=[C]C,C1CCC2CCCC2C1,C=CC,[CH]1CCC2CCCCC12,rxn_595,425,ZEUS
C=[C]C=C,C1CCC2CCCC2C1,C=CC=C,[CH]1CCC2CCCCC12,rxn_596,426,ZEUS
[CH3],C1CCC2CCCC2C1,C,[CH]1CC2CCCCC2C1,rxn_599,427,ZEUS
C[CH2],C1CCC2CCCC2C1,CC,[CH]1CC2CCCCC2C1,rxn_600,428,ZEUS
C[CH]C,C1CCC2CCCC2C1,CCC,[CH]1CC2CCCCC2C1,rxn_601,429,ZEUS
C[C](C)C,C1CCC2CCCC2C1,CC(C)C,[CH]1CC2CCCCC2C1,rxn_602,430,ZEUS
C=C[CH]C,C1CCC2CCCC2C1,C=CCC,[CH]1CC2CCCCC2C1,rxn_604,431,ZEUS
C=C[C](C)C,C1CCC2CCCC2C1,C=CC(C)C,[CH]1CC2CCCCC2C1,rxn_605,432,ZEUS
C=C[CH]C=C,C1CCC2CCCC2C1,C=CCC=C,[CH]1CC2CCCCC2C1,rxn_606,433,ZEUS
C=C[C](C)C=C,C1CCC2CCCC2C1,C=CC(C)C=C,[CH]1CC2CCCCC2C1,rxn_607,434,ZEUS
C#C[C](C)C,C1CCC2CCCC2C1,C#CC(C)C,[CH]1CC2CCCCC2C1,rxn_610,435,ZEUS
C#C[CH]C#C,C1CCC2CCCC2C1,C#CCC#C,[CH]1CC2CCCCC2C1,rxn_611,436,ZEUS
C#C[C](C)C#C,C1CCC2CCCC2C1,C#CC(C)C#C,[CH]1CC2CCCCC2C1,rxn_612,437,ZEUS
[CH2]c1ccccc1,C1CCC2CCCC2C1,Cc1ccccc1,[CH]1CC2CCCCC2C1,rxn_613,438,ZEUS
C[CH]c1ccccc1,C1CCC2CCCC2C1,CCc1ccccc1,[CH]1CC2CCCCC2C1,rxn_614,439,ZEUS
C[C](C)c1ccccc1,C1CCC2CCCC2C1,CC(C)c1ccccc1,[CH]1CC2CCCCC2C1,rxn_615,440,ZEUS
[CH]=C,C1CCC2CCCC2C1,C=C,[CH]1CC2CCCCC2C1,rxn_616,441,ZEUS
C=[C]C,C1CCC2CCCC2C1,C=CC,[CH]1CC2CCCCC2C1,rxn_617,442,ZEUS
C=[C]C=C,C1CCC2CCCC2C1,C=CC=C,[CH]1CC2CCCCC2C1,rxn_618,443,ZEUS
[c]1ccccc1,C1CCC2CCCC2C1,c1ccccc1,[CH]1CC2CCCCC2C1,rxn_619,444,ZEUS
[H],N,[H][H],[NH2],rxn_621,445,ZEUS
[OH],N,O,[NH2],rxn_622,446,ZEUS
N,[O],[OH],[NH2],rxn_623,447,ZEUS
[H],[NH2],[H][H],[NH],rxn_624,448,ZEUS
[NH2],[O],[OH],[NH],rxn_625,449,ZEUS
[OH],[NH2],O,[NH],rxn_626,450,ZEUS
[NH2],[CH3],C,[NH],rxn_628,451,ZEUS
[NH2],[CH3],N,[CH2],rxn_629,452,ZEUS
[NH],[NH2],N,[N],rxn_631,453,ZEUS
[OH],[NH],O,[N],rxn_632,454,ZEUS
[H],[NH],[H][H],[N],rxn_633,455,ZEUS
[NH],[O],[OH],[N],rxn_634,456,ZEUS
[NH],[CH3],C,[N],rxn_635,457,ZEUS
[H],N=N,[H][H],[N]=N,rxn_636,458,ZEUS
N=N,[O],[OH],[N]=N,rxn_637,459,ZEUS
[OH],N=N,O,[N]=N,rxn_638,460,ZEUS
[NH2],N=N,N,[N]=N,rxn_639,461,ZEUS
N=N,[CH3],C,[N]=N,rxn_640,462,ZEUS
[NH],N=N,[NH2],[N]=N,rxn_641,463,ZEUS
[H],NN,[H][H],[NH]N,rxn_645,464,ZEUS
NN,[O],[OH],[NH]N,rxn_646,465,ZEUS
[OH],NN,O,[NH]N,rxn_647,466,ZEUS
[CH3],NN,C,[NH]N,rxn_648,467,ZEUS
[NH2],NN,N,[NH]N,rxn_649,468,ZEUS
N=O,[O],[OH],[N]=O,rxn_652,469,ZEUS
N=O,[O][O],[O]O,[N]=O,rxn_654,470,ZEUS
[H],ON=C,[H][H],[O]N=C,rxn_656,471,ZEUS
ON=C,[O],[OH],[O]N=C,rxn_657,472,ZEUS
[OH],ON=C,O,[O]N=C,rxn_658,473,ZEUS
ON=C,[CH3],C,[O]N=C,rxn_659,474,ZEUS
[NH2],ON=C,N,[O]N=C,rxn_660,475,ZEUS
[OH],C#N,O,[C]#N,rxn_661,476,ZEUS
[H][H],[C]#N,C#N,[H],rxn_663,477,ZEUS
O,[C]#N,C#N,[OH],rxn_664,478,ZEUS
N,[C]#N,C#N,[NH2],rxn_666,479,ZEUS
[H],C=N,[H][H],C=[N],rxn_667,480,ZEUS
C=N,[O],[OH],C=[N],rxn_668,481,ZEUS
[OH],C=N,O,C=[N],rxn_669,482,ZEUS
C=N,[CH3],C,C=[N],rxn_670,483,ZEUS
[NH2],C=N,N,C=[N],rxn_671,484,ZEUS
[H],C=N,[H][H],[CH]=N,rxn_672,485,ZEUS
C=N,[O],[OH],[CH]=N,rxn_673,486,ZEUS
[OH],C=N,O,[CH]=N,rxn_674,487,ZEUS
C=N,[CH3],C,[CH]=N,rxn_675,488,ZEUS
[NH2],C=N,N,[CH]=N,rxn_676,489,ZEUS
[H],CN,[H][H],[CH2]N,rxn_677,490,ZEUS
[OH],CN,O,[CH2]N,rxn_679,491,ZEUS
[CH3],CN,C,[CH2]N,rxn_680,492,ZEUS
[NH2],CN,N,[CH2]N,rxn_681,493,ZEUS
[H],CN,[H][H],C[NH],rxn_682,494,ZEUS
CN,[O],[OH],C[NH],rxn_683,495,ZEUS
[OH],CN,O,C[NH],rxn_684,496,ZEUS
[CH3],CN,C,C[NH],rxn_685,497,ZEUS
[NH2],CN,N,C[NH],rxn_686,498,ZEUS
[H][H],[N]=C=O,N=C=O,[H],rxn_687,499,ZEUS
C,[N]=C=O,N=C=O,[CH3],rxn_688,500,ZEUS
N,[N]=C=O,N=C=O,[NH2],rxn_689,501,ZEUS
[H],C=CO,[H][H],C=C[O],rxn_690,502,ZEUS
C=CO,[O],[OH],C=C[O],rxn_691,503,ZEUS
[OH],C=CO,O,C=C[O],rxn_692,504,ZEUS
C=CO,[CH3],C,C=C[O],rxn_693,505,ZEUS
[NH2],C=CO,N,C=C[O],rxn_694,506,ZEUS
[OH],N=C=O,O,[N]=C=O,rxn_695,507,ZEUS
[H],N=C=O,[H][H],[N]=C=O,rxn_696,508,ZEUS
N=C=O,[O],[OH],[N]=C=O,rxn_697,509,ZEUS
N=C=O,[CH3],C,[N]=C=O,rxn_698,510,ZEUS
[NH2],N=C=O,N,[N]=C=O,rxn_699,511,ZEUS
[H],CN=C,[H][H],[CH2]N=C,rxn_701,512,ZEUS
CN=C,[O],[OH],[CH2]N=C,rxn_702,513,ZEUS
[OH],CN=C,O,[CH2]N=C,rxn_703,514,ZEUS
[CH3],CN=C,C,[CH2]N=C,rxn_704,515,ZEUS
[NH2],CN=C,N,[CH2]N=C,rxn_705,516,ZEUS
[H],NO,[H][H],[NH]O,rxn_706,517,ZEUS
NO,[O],[OH],[NH]O,rxn_707,518,ZEUS
[OH],NO,O,[NH]O,rxn_708,519,ZEUS
NO,[CH3],C,[NH]O,rxn_709,520,ZEUS
[NH2],NO,N,[NH]O,rxn_710,521,ZEUS
[O]O,NO,OO,[NH]O,rxn_711,522,ZEUS
[H],NO,[H][H],N[O],rxn_712,523,ZEUS
NO,[O],[OH],N[O],rxn_713,524,ZEUS
[OH],NO,O,N[O],rxn_714,525,ZEUS
NO,[CH3],C,N[O],rxn_715,526,ZEUS
[NH2],NO,N,N[O],rxn_716,527,ZEUS
[O]O,NO,OO,N[O],rxn_717,528,ZEUS
[H],NN=C,[H][H],[NH]N=C,rxn_718,529,ZEUS
NN=C,[O],[OH],[NH]N=C,rxn_719,530,ZEUS
[OH],NN=C,O,[NH]N=C,rxn_720,531,ZEUS
[CH3],NN=C,C,[NH]N=C,rxn_721,532,ZEUS
[NH2],NN=C,N,[NH]N=C,rxn_722,533,ZEUS
[O]O,NN=C,OO,[NH]N=C,rxn_723,534,ZEUS
[O]O,NN,OO,[NH]N,rxn_724,535,ZEUS
[OH],C1CC2CCC1C2,O,[CH]1CC2CCC1C2,rxn_725,536,ZEUS
[OH],C1CC2CCC1C2,O,C1CC2CC[C]1C2,rxn_726,537,ZEUS
[OH],C1CC2CCC1C2,O,[CH]1C2CCC1CC2,rxn_727,538,ZEUS
[OH],C1CC2CCCC2C1,O,C1C[C]2CCCC2C1,rxn_728,539,ZEUS
[OH],C1CCC2CCCC2C1,O,[CH]1CCC2CCCCC12,rxn_729,540,ZEUS
[OH],C1CCC2CCCC2C1,O,[CH]1CC2CCCCC2C1,rxn_730,541,ZEUS
[H],C1CC2CCC1C2,[H][H],[CH]1CC2CCC1C2,rxn_731,542,ZEUS
[H],C1CC2CCC1C2,[H][H],C1CC2CC[C]1C2,rxn_732,543,ZEUS
[H],C1CC2CCC1C2,[H][H],[CH]1C2CCC1CC2,rxn_733,544,ZEUS
[H],C1CC2CCCC2C1,[H][H],C1C[C]2CCCC2C1,rxn_734,545,ZEUS
[H],C1CCC2CCCC2C1,[H][H],[CH]1CCC2CCCCC12,rxn_735,546,ZEUS
[H],C1CCC2CCCC2C1,[H][H],[CH]1CC2CCCCC2C1,rxn_736,547,ZEUS
C=CC,C1C[C]2CCCC2C1,C1CC2CCCC2C1,[CH2]C=C,rxn_738,548,ZEUS
C=CC,[CH]1CCC2CCCCC12,C1CCC2CCCC2C1,[CH2]C=C,rxn_739,549,ZEUS
C=CC,[CH]1CC2CCCCC2C1,C1CCC2CCCC2C1,[CH2]C=C,rxn_740,550,ZEUS
C=CC,[CH]1C2CCC1CC2,C1CC2CCC1C2,[CH2]C=C,rxn_741,551,ZEUS
C=CC,C1CC2CC[C]1C2,C1CC2CCC1C2,[CH2]C=C,rxn_742,552,ZEUS
C=CCC=C,[CH]1CC2CCC1C2,C1CC2CCC1C2,C=C[CH]C=C,rxn_743,553,ZEUS
C=CCC=C,C1C[C]2CCCC2C1,C1CC2CCCC2C1,C=C[CH]C=C,rxn_744,554,ZEUS
C=CCC=C,[CH]1CCC2CCCCC12,C1CCC2CCCC2C1,C=C[CH]C=C,rxn_745,555,ZEUS
C=CCC=C,[CH]1CC2CCCCC2C1,C1CCC2CCCC2C1,C=C[CH]C=C,rxn_746,556,ZEUS
C=CCC=C,C1CC2CC[C]1C2,C1CC2CCC1C2,C=C[CH]C=C,rxn_747,557,ZEUS
C=CCC=C,[CH]1C2CCC1CC2,C1CC2CCC1C2,C=C[CH]C=C,rxn_748,558,ZEUS
[H],CC(C)O,[H][H],[CH2]C(C)O,rxn_749,559,ZEUS
[H],CC(C)O,[H][H],C[C](C)O,rxn_750,560,ZEUS
CC(C)O,[CH3],C,[CH2]C(C)O,rxn_751,561,ZEUS
CC(C)O,[CH3],C,C[C](C)O,rxn_752,562,ZEUS
[H],C=CCC,[H][H],C=C[CH]C,rxn_753,563,ZEUS
[CH3],C=CCC,C,C=C[CH]C,rxn_754,564,ZEUS
[H],C=CC,[H][H],[CH2]C=C,rxn_755,565,ZEUS
[CH3],C=CC,C,[CH2]C=C,rxn_757,566,ZEUS
[CH3],CC=CC,C,[CH2]C=CC,rxn_758,567,ZEUS
[H],C=C(C)C,[H][H],[CH2]C(=C)C,rxn_759,568,ZEUS
[CH3],C=C(C)C,C,[CH2]C(=C)C,rxn_760,569,ZEUS
C=CC,C[CH2],CC,C=[C]C,rxn_761,570,ZEUS
C=CC,C[CH]C,CCC,C=[C]C,rxn_762,571,ZEUS
[OH],CCO,O,C[CH]O,rxn_764,572,ZEUS
[OH],CC(C)CO,O,C[C](C)CO,rxn_765,573,ZEUS
[H],CO,[H][H],C[O],rxn_766,574,ZEUS
[H],CCO,[H][H],C[CH]O,rxn_767,575,ZEUS
[H],CC(C)CO,[H][H],C[C](C)CO,rxn_768,576,ZEUS
[H],CC,[H][H],C[CH2],rxn_769,577,ZEUS
[CH3],CC,C,C[CH2],rxn_770,578,ZEUS
CC(C)CO,[CH3],C,C[C](C)CO,rxn_771,579,ZEUS
CC(C)CCO,[CH3],C,C[C](C)CCO,rxn_772,580,ZEUS
CCO,[CH3],C,C[CH]O,rxn_773,581,ZEUS
[CH]=C,CC,C=C,C[CH2],rxn_774,582,ZEUS
[CH]=C,CCO,C=C,C[CH]O,rxn_775,583,ZEUS
CC(C)CO,[O],[OH],C[C](C)CO,rxn_776,584,ZEUS
CC(C)CO,[O],[OH],CC(C)[CH]O,rxn_777,585,ZEUS
OO,C[CH2],CC,[O]O,rxn_778,586,ZEUS
OO,C[C](C)CO,CC(C)CO,[O]O,rxn_779,587,ZEUS
OO,C[CH]O,CCO,[O]O,rxn_780,588,ZEUS
CCCO,[O],[OH],C[CH]CO,rxn_781,589,ZEUS
[OH],CCCO,O,C[CH]CO,rxn_782,590,ZEUS
[OH],CCCCO,O,C[CH]CCO,rxn_783,591,ZEUS
CCCCO,[O],[OH],C[CH]CCO,rxn_784,592,ZEUS
[H][H],[CH3],C,[H],rxn_785,593,ZEUS
[H][H],C[CH2],CC,[H],rxn_786,594,ZEUS
[H][H],C[CH]C,CCC,[H],rxn_787,595,ZEUS
[H][H],C=C[CH]C,C=CCC,[H],rxn_790,596,ZEUS
[H][H],C=C[C](C)C,C=CC(C)C,[H],rxn_791,597,ZEUS
[H][H],C=C[CH]C=C,C=CCC=C,[H],rxn_792,598,ZEUS
[H][H],C=C[C](C)C=C,C=CC(C)C=C,[H],rxn_793,599,ZEUS
[H][H],C#C[CH]C,C#CCC,[H],rxn_795,600,ZEUS
[H][H],C#C[C](C)C,C#CC(C)C,[H],rxn_796,601,ZEUS
[H][H],C#C[CH]C#C,C#CCC#C,[H],rxn_797,602,ZEUS
[H][H],C#C[C](C)C#C,C#CC(C)C#C,[H],rxn_798,603,ZEUS
[H][H],[CH2]c1ccccc1,Cc1ccccc1,[H],rxn_799,604,ZEUS
[H][H],C[C](C)c1ccccc1,CC(C)c1ccccc1,[H],rxn_801,605,ZEUS
[H][H],C=[C]C=C,C=CC=C,[H],rxn_803,606,ZEUS
[H][H],C#C[C]=C,C#CC=C,[H],rxn_805,607,ZEUS
[H][H],[CH2]S,CS,[H],rxn_806,608,ZEUS
[H][H],C[CH]S,CCS,[H],rxn_807,609,ZEUS
[H][H],C[CH]C=S,CCC=S,[H],rxn_810,610,ZEUS
[H][H],C=[C]C=S,C=CC=S,[H],rxn_813,611,ZEUS
[H][H],S[CH]C=C,SCC=C,[H],rxn_814,612,ZEUS
[H][H],S[CH]C=S,SCC=S,[H],rxn_816,613,ZEUS
[H][H],C[C](C=S)S,CC(C=S)S,[H],rxn_817,614,ZEUS
[H][H],S[CH]C#C,SCC#C,[H],rxn_818,615,ZEUS
[H][H],C[C](C#C)S,CC(C#C)S,[H],rxn_819,616,ZEUS
[H][H],S[C]=S,SC=S,[H],rxn_824,617,ZEUS
[H][H],C=C[C]=S,C=CC=S,[H],rxn_825,618,ZEUS
[H],C,[H][H],[CH3],rxn_827,619,ZEUS
[CH2]C=C,C,C=CC,[CH3],rxn_829,620,ZEUS
C=C[CH]C,C,C=CCC,[CH3],rxn_830,621,ZEUS
C=C[C](C)C,C,C=CC(C)C,[CH3],rxn_831,622,ZEUS
C=C[C](C)C=C,C,C=CC(C)C=C,[CH3],rxn_833,623,ZEUS
C#C[CH]C,C,C#CCC,[CH3],rxn_835,624,ZEUS
C#C[C](C)C,C,C#CC(C)C,[CH3],rxn_836,625,ZEUS
C#C[CH]C#C,C,C#CCC#C,[CH3],rxn_837,626,ZEUS
C#C[C](C)C#C,C,C#CC(C)C#C,[CH3],rxn_838,627,ZEUS
[CH2]c1ccccc1,C,Cc1ccccc1,[CH3],rxn_839,628,ZEUS
C[CH]c1ccccc1,C,CCc1ccccc1,[CH3],rxn_840,629,ZEUS
C[C](C)c1ccccc1,C,CC(C)c1ccccc1,[CH3],rxn_841,630,ZEUS
[CH]=C,C,C=C,[CH3],rxn_842,631,ZEUS
C=[C]C,C,C=CC,[CH3],rxn_843,632,ZEUS
C=[C]C=C,C,C=CC=C,[CH3],rxn_844,633,ZEUS
[CH2]S,C,CS,[CH3],rxn_846,634,ZEUS
C#C[C]=C,C,C#CC=C,[CH3],rxn_847,635,ZEUS
C[CH]S,C,CCS,[CH3],rxn_848,636,ZEUS
C[C](S)C,C,CC(S)C,[CH3],rxn_849,637,ZEUS
[CH2]C=S,C,CC=S,[CH3],rxn_850,638,ZEUS
C[CH]C=S,C,CCC=S,[CH3],rxn_851,639,ZEUS
S=C[C](C)C,C,S=CC(C)C,[CH3],rxn_852,640,ZEUS
C=[C]C=S,C,C=CC=S,[CH3],rxn_854,641,ZEUS
S[CH]C=C,C,SCC=C,[CH3],rxn_855,642,ZEUS
C[C](C=C)S,C,CC(C=C)S,[CH3],rxn_856,643,ZEUS
S[CH]C=S,C,SCC=S,[CH3],rxn_857,644,ZEUS
C[C](C=S)S,C,CC(C=S)S,[CH3],rxn_858,645,ZEUS
S[CH]C#C,C,SCC#C,[CH3],rxn_859,646,ZEUS
C[C](C#C)S,C,CC(C#C)S,[CH3],rxn_860,647,ZEUS
C,C[C]=S,CC=S,[CH3],rxn_864,648,ZEUS
S[C]=S,C,SC=S,[CH3],rxn_865,649,ZEUS
C=C[C]=S,C,C=CC=S,[CH3],rxn_866,650,ZEUS
S=[C]C#C,C,S=CC#C,[CH3],rxn_867,651,ZEUS
C[CH]C,CC,CCC,C[CH2],rxn_868,652,ZEUS
C[C](C)C,CC,CC(C)C,C[CH2],rxn_869,653,ZEUS
[CH2]C=C,CC,C=CC,C[CH2],rxn_870,654,ZEUS
C=C[CH]C,CC,C=CCC,C[CH2],rxn_871,655,ZEUS
C=C[C](C)C,CC,C=CC(C)C,C[CH2],rxn_872,656,ZEUS
C=C[CH]C=C,CC,C=CCC=C,C[CH2],rxn_873,657,ZEUS
C=C[C](C)C=C,CC,C=CC(C)C=C,C[CH2],rxn_874,658,ZEUS
C#C[CH]C,CC,C#CCC,C[CH2],rxn_876,659,ZEUS
C#C[C](C)C,CC,C#CC(C)C,C[CH2],rxn_877,660,ZEUS
C#C[CH]C#C,CC,C#CCC#C,C[CH2],rxn_878,661,ZEUS
C#C[C](C)C#C,CC,C#CC(C)C#C,C[CH2],rxn_879,662,ZEUS
[CH2]c1ccccc1,CC,Cc1ccccc1,C[CH2],rxn_880,663,ZEUS
C[CH]c1ccccc1,CC,CCc1ccccc1,C[CH2],rxn_881,664,ZEUS
[CH]=C,CC,C=C,C[CH2],rxn_883,665,ZEUS
C=[C]C,CC,C=CC,C[CH2],rxn_884,666,ZEUS
C=[C]C=C,CC,C=CC=C,C[CH2],rxn_885,667,ZEUS
C#C[C]=C,CC,C#CC=C,C[CH2],rxn_886,668,ZEUS
[CH2]S,CC,CS,C[CH2],rxn_887,669,ZEUS
C[CH]S,CC,CCS,C[CH2],rxn_889,670,ZEUS
C[C](S)C,CC,CC(S)C,C[CH2],rxn_890,671,ZEUS
[CH2]C=S,CC,CC=S,C[CH2],rxn_891,672,ZEUS
C[CH]C=S,CC,CCC=S,C[CH2],rxn_892,673,ZEUS
S=C[C](C)C,CC,S=CC(C)C,C[CH2],rxn_893,674,ZEUS
C=[C]C=S,CC,C=CC=S,C[CH2],rxn_895,675,ZEUS
S[CH]C=C,CC,SCC=C,C[CH2],rxn_896,676,ZEUS
C[C](C=C)S,CC,CC(C=C)S,C[CH2],rxn_897,677,ZEUS
S[CH]C=S,CC,SCC=S,C[CH2],rxn_898,678,ZEUS
C[C](C=S)S,CC,CC(C=S)S,C[CH2],rxn_899,679,ZEUS
S[CH]C#C,CC,SCC#C,C[CH2],rxn_900,680,ZEUS
C[C](C#C)S,CC,CC(C#C)S,C[CH2],rxn_901,681,ZEUS
C[C]=S,CC,CC=S,C[CH2],rxn_905,682,ZEUS
S[C]=S,CC,SC=S,C[CH2],rxn_906,683,ZEUS
C=C[C]=S,CC,C=CC=S,C[CH2],rxn_907,684,ZEUS
S=[C]C#C,CC,S=CC#C,C[CH2],rxn_908,685,ZEUS
[H],CCC,[H][H],C[CH]C,rxn_909,686,ZEUS
[CH3],CCC,C,C[CH]C,rxn_910,687,ZEUS
C[CH2],CCC,CC,C[CH]C,rxn_911,688,ZEUS
C[C](C)C,CCC,CC(C)C,C[CH]C,rxn_912,689,ZEUS
[CH2]C=C,CCC,C=CC,C[CH]C,rxn_913,690,ZEUS
C=C[CH]C,CCC,C=CCC,C[CH]C,rxn_914,691,ZEUS
C=C[C](C)C,CCC,C=CC(C)C,C[CH]C,rxn_915,692,ZEUS
C=C[CH]C=C,CCC,C=CCC=C,C[CH]C,rxn_916,693,ZEUS
C=C[C](C)C=C,CCC,C=CC(C)C=C,C[CH]C,rxn_917,694,ZEUS
C#C[CH]C,CCC,C#CCC,C[CH]C,rxn_919,695,ZEUS
C#C[C](C)C,CCC,C#CC(C)C,C[CH]C,rxn_920,696,ZEUS
C#C[CH]C#C,CCC,C#CCC#C,C[CH]C,rxn_921,697,ZEUS
C#C[C](C)C#C,CCC,C#CC(C)C#C,C[CH]C,rxn_922,698,ZEUS
C[CH]c1ccccc1,CCC,CCc1ccccc1,C[CH]C,rxn_924,699,ZEUS
C=[C]C,CCC,C=CC,C[CH]C,rxn_926,700,ZEUS
C=[C]C=C,CCC,C=CC=C,C[CH]C,rxn_927,701,ZEUS
[c]1ccccc1,CCC,c1ccccc1,C[CH]C,rxn_928,702,ZEUS
C#C[C]=C,CCC,C#CC=C,C[CH]C,rxn_929,703,ZEUS
[CH2]S,CCC,CS,C[CH]C,rxn_930,704,ZEUS
C[CH]S,CCC,CCS,C[CH]C,rxn_931,705,ZEUS
C[C](S)C,CCC,CC(S)C,C[CH]C,rxn_933,706,ZEUS
[CH2]C=S,CCC,CC=S,C[CH]C,rxn_934,707,ZEUS
C[CH]C=S,CCC,CCC=S,C[CH]C,rxn_935,708,ZEUS
S=C[C](C)C,CCC,S=CC(C)C,C[CH]C,rxn_936,709,ZEUS
C=[C]C=S,CCC,C=CC=S,C[CH]C,rxn_938,710,ZEUS
C[C](C=C)S,CCC,CC(C=C)S,C[CH]C,rxn_940,711,ZEUS
S[CH]C#C,CCC,SCC#C,C[CH]C,rxn_943,712,ZEUS
C[C](C#C)S,CCC,CC(C#C)S,C[CH]C,rxn_944,713,ZEUS
C[C]=S,CCC,CC=S,C[CH]C,rxn_948,714,ZEUS
S[C]=S,CCC,SC=S,C[CH]C,rxn_949,715,ZEUS
C=C[C]=S,CCC,C=CC=S,C[CH]C,rxn_950,716,ZEUS
C[CH2],CC(C)C,CC,C[C](C)C,rxn_954,717,ZEUS
[CH2]C=C,CC(C)C,C=CC,C[C](C)C,rxn_956,718,ZEUS
C=C[C](C)C=C,CC(C)C,C=CC(C)C=C,C[C](C)C,rxn_960,719,ZEUS
C#C[CH]C,CC(C)C,C#CCC,C[C](C)C,rxn_962,720,ZEUS
C#C[CH]C#C,CC(C)C,C#CCC#C,C[C](C)C,rxn_964,721,ZEUS
C#C[C](C)C#C,CC(C)C,C#CC(C)C#C,C[C](C)C,rxn_965,722,ZEUS
[CH2]c1ccccc1,CC(C)C,Cc1ccccc1,C[C](C)C,rxn_966,723,ZEUS
C=[C]C,CC(C)C,C=CC,C[C](C)C,rxn_969,724,ZEUS
[c]1ccccc1,CC(C)C,c1ccccc1,C[C](C)C,rxn_971,725,ZEUS
[CH2]S,CC(C)C,CS,C[C](C)C,rxn_973,726,ZEUS
C[CH]S,CC(C)C,CCS,C[C](C)C,rxn_974,727,ZEUS
C[CH]C=S,CC(C)C,CCC=S,C[C](C)C,rxn_978,728,ZEUS
S=C[C](C)C,CC(C)C,S=CC(C)C,C[C](C)C,rxn_979,729,ZEUS
S[CH]C=C,CC(C)C,SCC=C,C[C](C)C,rxn_982,730,ZEUS
C[C](C=C)S,CC(C)C,CC(C=C)S,C[C](C)C,rxn_983,731,ZEUS
S[CH]C=S,CC(C)C,SCC=S,C[C](C)C,rxn_984,732,ZEUS
C[C](C=S)S,CC(C)C,CC(C=S)S,C[C](C)C,rxn_985,733,ZEUS
C[C](C#C)S,CC(C)C,CC(C#C)S,C[C](C)C,rxn_987,734,ZEUS
C[C]=S,CC(C)C,CC=S,C[C](C)C,rxn_991,735,ZEUS
C=C[C]=S,CC(C)C,C=CC=S,C[C](C)C,rxn_993,736,ZEUS
[H],C=CC,[H][H],[CH2]C=C,rxn_995,737,ZEUS
[CH3],C=CC,C,[CH2]C=C,rxn_996,738,ZEUS
C=CC,C[CH2],CC,[CH2]C=C,rxn_997,739,ZEUS
C=CC,C[CH]C,CCC,[CH2]C=C,rxn_998,740,ZEUS
C=CC,C[C](C)C,CC(C)C,[CH2]C=C,rxn_999,741,ZEUS
C=C[CH]C,C=CC,C=CCC,[CH2]C=C,rxn_1000,742,ZEUS
C=C[C](C)C,C=CC,C=CC(C)C,[CH2]C=C,rxn_1001,743,ZEUS
C=C[C](C)C=C,C=CC,C=CC(C)C=C,[CH2]C=C,rxn_1003,744,ZEUS
C#C[CH]C,C=CC,C#CCC,[CH2]C=C,rxn_1005,745,ZEUS
C#C[C](C)C,C=CC,C#CC(C)C,[CH2]C=C,rxn_1006,746,ZEUS
C#C[CH]C#C,C=CC,C#CCC#C,[CH2]C=C,rxn_1007,747,ZEUS
C#C[C](C)C#C,C=CC,C#CC(C)C#C,[CH2]C=C,rxn_1008,748,ZEUS
C=CC,[CH2]c1ccccc1,Cc1ccccc1,[CH2]C=C,rxn_1009,749,ZEUS
C=CC,C[C](C)c1ccccc1,CC(C)c1ccccc1,[CH2]C=C,rxn_1011,750,ZEUS
[CH]=C,C=CC,C=C,[CH2]C=C,rxn_1012,751,ZEUS
C=[C]C=C,C=CC,C=CC=C,[CH2]C=C,rxn_1014,752,ZEUS
C=CC,[c]1ccccc1,c1ccccc1,[CH2]C=C,rxn_1015,753,ZEUS
C#C[C]=C,C=CC,C#CC=C,[CH2]C=C,rxn_1016,754,ZEUS
[CH2]S,C=CC,CS,[CH2]C=C,rxn_1017,755,ZEUS
C[CH]S,C=CC,CCS,[CH2]C=C,rxn_1018,756,ZEUS
C[C](S)C,C=CC,CC(S)C,[CH2]C=C,rxn_1019,757,ZEUS
C=CC,[CH2]C=S,CC=S,[CH2]C=C,rxn_1020,758,ZEUS
S=C[C](C)C,C=CC,S=CC(C)C,[CH2]C=C,rxn_1023,759,ZEUS
C=[C]C=S,C=CC,C=CC=S,[CH2]C=C,rxn_1025,760,ZEUS
S[CH]C=C,C=CC,SCC=C,[CH2]C=C,rxn_1026,761,ZEUS
C[C](C=C)S,C=CC,CC(C=C)S,[CH2]C=C,rxn_1027,762,ZEUS
S[CH]C=S,C=CC,SCC=S,[CH2]C=C,rxn_1028,763,ZEUS
C[C](C=S)S,C=CC,CC(C=S)S,[CH2]C=C,rxn_1029,764,ZEUS
S[CH]C#C,C=CC,SCC#C,[CH2]C=C,rxn_1030,765,ZEUS
C[C](C#C)S,C=CC,CC(C#C)S,[CH2]C=C,rxn_1031,766,ZEUS
S[C]=S,C=CC,SC=S,[CH2]C=C,rxn_1036,767,ZEUS
C=CC,C=C[C]=S,C=CC=S,[CH2]C=C,rxn_1037,768,ZEUS
C=CCC,C[CH2],CC,C=C[CH]C,rxn_1039,769,ZEUS
C=CCC,C[CH]C,CCC,C=C[CH]C,rxn_1040,770,ZEUS
[CH2]C=C,C=CCC,C=CC,C=C[CH]C,rxn_1042,771,ZEUS
C=C[C](C)C,C=CCC,C=CC(C)C,C=C[CH]C,rxn_1043,772,ZEUS
C=C[CH]C=C,C=CCC,C=CCC=C,C=C[CH]C,rxn_1044,773,ZEUS
C=C[C](C)C=C,C=CCC,C=CC(C)C=C,C=C[CH]C,rxn_1045,774,ZEUS
C#C[CH]C,C=CCC,C#CCC,C=C[CH]C,rxn_1047,775,ZEUS
C#C[C](C)C,C=CCC,C#CC(C)C,C=C[CH]C,rxn_1048,776,ZEUS
C#C[CH]C#C,C=CCC,C#CCC#C,C=C[CH]C,rxn_1049,777,ZEUS
C#C[C](C)C#C,C=CCC,C#CC(C)C#C,C=C[CH]C,rxn_1050,778,ZEUS
C=CCC,C[CH]c1ccccc1,CCc1ccccc1,C=C[CH]C,rxn_1052,779,ZEUS
C=CCC,C[C](C)c1ccccc1,CC(C)c1ccccc1,C=C[CH]C,rxn_1053,780,ZEUS
[CH]=C,C=CCC,C=C,C=C[CH]C,rxn_1054,781,ZEUS
C=[C]C,C=CCC,C=CC,C=C[CH]C,rxn_1055,782,ZEUS
C=[C]C=C,C=CCC,C=CC=C,C=C[CH]C,rxn_1056,783,ZEUS
C=CCC,[c]1ccccc1,c1ccccc1,C=C[CH]C,rxn_1057,784,ZEUS
C#C[C]=C,C=CCC,C#CC=C,C=C[CH]C,rxn_1058,785,ZEUS
[CH2]S,C=CCC,CS,C=C[CH]C,rxn_1059,786,ZEUS
C[CH]S,C=CCC,CCS,C=C[CH]C,rxn_1060,787,ZEUS
C[C](S)C,C=CCC,CC(S)C,C=C[CH]C,rxn_1061,788,ZEUS
[CH2]C=S,C=CCC,CC=S,C=C[CH]C,rxn_1062,789,ZEUS
C[CH]C=S,C=CCC,CCC=S,C=C[CH]C,rxn_1063,790,ZEUS
C=[C]C=S,C=CCC,C=CC=S,C=C[CH]C,rxn_1067,791,ZEUS
C[C](C=C)S,C=CCC,CC(C=C)S,C=C[CH]C,rxn_1069,792,ZEUS
S[CH]C=S,C=CCC,SCC=S,C=C[CH]C,rxn_1070,793,ZEUS
C[C](C=S)S,C=CCC,CC(C=S)S,C=C[CH]C,rxn_1071,794,ZEUS
S[CH]C#C,C=CCC,SCC#C,C=C[CH]C,rxn_1072,795,ZEUS
C=CCC,C[C]=S,CC=S,C=C[CH]C,rxn_1077,796,ZEUS
S[C]=S,C=CCC,SC=S,C=C[CH]C,rxn_1078,797,ZEUS
C=C[C]=S,C=CCC,C=CC=S,C=C[CH]C,rxn_1079,798,ZEUS
[H],C=CC(C)C,[H][H],C=C[C](C)C,rxn_1081,799,ZEUS
[CH3],C=CC(C)C,C,C=C[C](C)C,rxn_1082,800,ZEUS
C=CC(C)C,C[CH2],CC,C=C[C](C)C,rxn_1083,801,ZEUS
C=CC(C)C,C[C](C)C,CC(C)C,C=C[C](C)C,rxn_1085,802,ZEUS
C=CC(C)C,[CH2]C=C,C=CC,C=C[C](C)C,rxn_1086,803,ZEUS
C=CC(C)C,C=C[CH]C,C=CCC,C=C[C](C)C,rxn_1087,804,ZEUS
C=C[CH]C=C,C=CC(C)C,C=CCC=C,C=C[C](C)C,rxn_1088,805,ZEUS
C=C[C](C)C=C,C=CC(C)C,C=CC(C)C=C,C=C[C](C)C,rxn_1089,806,ZEUS
C#C[CH]C,C=CC(C)C,C#CCC,C=C[C](C)C,rxn_1091,807,ZEUS
C#C[C](C)C,C=CC(C)C,C#CC(C)C,C=C[C](C)C,rxn_1092,808,ZEUS
C#C[CH]C#C,C=CC(C)C,C#CCC#C,C=C[C](C)C,rxn_1093,809,ZEUS
C=CC(C)C,[CH2]c1ccccc1,Cc1ccccc1,C=C[C](C)C,rxn_1095,810,ZEUS
[CH]=C,C=CC(C)C,C=C,C=C[C](C)C,rxn_1098,811,ZEUS
C=[C]C,C=CC(C)C,C=CC,C=C[C](C)C,rxn_1099,812,ZEUS
[CH2]S,C=CC(C)C,CS,C=C[C](C)C,rxn_1103,813,ZEUS
C[CH]S,C=CC(C)C,CCS,C=C[C](C)C,rxn_1104,814,ZEUS
C[C](S)C,C=CC(C)C,CC(S)C,C=C[C](C)C,rxn_1105,815,ZEUS
[CH2]C=S,C=CC(C)C,CC=S,C=C[C](C)C,rxn_1106,816,ZEUS
C#C[C]=C,C=CC(C)C,C#CC=C,C=C[C](C)C,rxn_1110,817,ZEUS
C=[C]C=S,C=CC(C)C,C=CC=S,C=C[C](C)C,rxn_1111,818,ZEUS
C[C](C=C)S,C=CC(C)C,CC(C=C)S,C=C[C](C)C,rxn_1113,819,ZEUS
S[CH]C=S,C=CC(C)C,SCC=S,C=C[C](C)C,rxn_1114,820,ZEUS
S[CH]C#C,C=CC(C)C,SCC#C,C=C[C](C)C,rxn_1116,821,ZEUS
C=CC(C)C,C[C]=S,CC=S,C=C[C](C)C,rxn_1121,822,ZEUS
S[C]=S,C=CC(C)C,SC=S,C=C[C](C)C,rxn_1122,823,ZEUS
S=[C]C#C,C=CC(C)C,S=CC#C,C=C[C](C)C,rxn_1124,824,ZEUS
[H],C=CCC=C,[H][H],C=C[CH]C=C,rxn_1125,825,ZEUS
[CH3],C=CCC=C,C,C=C[CH]C=C,rxn_1126,826,ZEUS
C=CCC=C,C[CH2],CC,C=C[CH]C=C,rxn_1127,827,ZEUS
C=CCC=C,C[CH]C,CCC,C=C[CH]C=C,rxn_1128,828,ZEUS
[CH2]C=C,C=CCC=C,C=CC,C=C[CH]C=C,rxn_1130,829,ZEUS
C=CCC=C,C=C[CH]C,C=CCC,C=C[CH]C=C,rxn_1131,830,ZEUS
C=CCC=C,C=C[C](C)C=C,C=CC(C)C=C,C=C[CH]C=C,rxn_1133,831,ZEUS
C#C[CH]C,C=CCC=C,C#CCC,C=C[CH]C=C,rxn_1135,832,ZEUS
C#C[C](C)C,C=CCC=C,C#CC(C)C,C=C[CH]C=C,rxn_1136,833,ZEUS
C#C[C](C)C#C,C=CCC=C,C#CC(C)C#C,C=C[CH]C=C,rxn_1138,834,ZEUS
C=CCC=C,C[CH]c1ccccc1,CCc1ccccc1,C=C[CH]C=C,rxn_1140,835,ZEUS
[CH]=C,C=CCC=C,C=C,C=C[CH]C=C,rxn_1142,836,ZEUS
C=[C]C,C=CCC=C,C=CC,C=C[CH]C=C,rxn_1143,837,ZEUS
C=[C]C=C,C=CCC=C,C=CC=C,C=C[CH]C=C,rxn_1144,838,ZEUS
C=CCC=C,[c]1ccccc1,c1ccccc1,C=C[CH]C=C,rxn_1145,839,ZEUS
C#C[C]=C,C=CCC=C,C#CC=C,C=C[CH]C=C,rxn_1146,840,ZEUS
C[C](S)C,C=CCC=C,CC(S)C,C=C[CH]C=C,rxn_1149,841,ZEUS
C[CH]C=S,C=CCC=C,CCC=S,C=C[CH]C=C,rxn_1151,842,ZEUS
C=CCC=C,S=C[C](C)C,S=CC(C)C,C=C[CH]C=C,rxn_1152,843,ZEUS
C=[C]C=S,C=CCC=C,C=CC=S,C=C[CH]C=C,rxn_1155,844,ZEUS
S[CH]C=C,C=CCC=C,SCC=C,C=C[CH]C=C,rxn_1156,845,ZEUS
C[C](C=C)S,C=CCC=C,CC(C=C)S,C=C[CH]C=C,rxn_1157,846,ZEUS
S[CH]C=S,C=CCC=C,SCC=S,C=C[CH]C=C,rxn_1158,847,ZEUS
C[C](C=S)S,C=CCC=C,CC(C=S)S,C=C[CH]C=C,rxn_1159,848,ZEUS
C=CCC=C,C[C]=S,CC=S,C=C[CH]C=C,rxn_1165,849,ZEUS
S[C]=S,C=CCC=C,SC=S,C=C[CH]C=C,rxn_1166,850,ZEUS
[H],C=CC(C)C=C,[H][H],C=C[C](C)C=C,rxn_1169,851,ZEUS
[CH3],C=CC(C)C=C,C,C=C[C](C)C=C,rxn_1170,852,ZEUS
C=CC(C)C=C,C[CH]C,CCC,C=C[C](C)C=C,rxn_1172,853,ZEUS
C=CC(C)C=C,C[C](C)C,CC(C)C,C=C[C](C)C=C,rxn_1173,854,ZEUS
[CH2]C=C,C=CC(C)C=C,C=CC,C=C[C](C)C=C,rxn_1174,855,ZEUS
C=CC(C)C=C,C=C[CH]C,C=CCC,C=C[C](C)C=C,rxn_1175,856,ZEUS
C=CC(C)C=C,C=C[C](C)C,C=CC(C)C,C=C[C](C)C=C,rxn_1176,857,ZEUS
C=C[CH]C=C,C=CC(C)C=C,C=CCC=C,C=C[C](C)C=C,rxn_1177,858,ZEUS
C#C[CH]C,C=CC(C)C=C,C#CCC,C=C[C](C)C=C,rxn_1179,859,ZEUS
C#C[C](C)C,C=CC(C)C=C,C#CC(C)C,C=C[C](C)C=C,rxn_1180,860,ZEUS
C#C[CH]C#C,C=CC(C)C=C,C#CCC#C,C=C[C](C)C=C,rxn_1181,861,ZEUS
C#C[C](C)C#C,C=CC(C)C=C,C#CC(C)C#C,C=C[C](C)C=C,rxn_1182,862,ZEUS
C=CC(C)C=C,[CH2]c1ccccc1,Cc1ccccc1,C=C[C](C)C=C,rxn_1183,863,ZEUS
C=CC(C)C=C,C[CH]c1ccccc1,CCc1ccccc1,C=C[C](C)C=C,rxn_1184,864,ZEUS
C=CC(C)C=C,C[C](C)c1ccccc1,CC(C)c1ccccc1,C=C[C](C)C=C,rxn_1185,865,ZEUS
[CH]=C,C=CC(C)C=C,C=C,C=C[C](C)C=C,rxn_1186,866,ZEUS
C=[C]C,C=CC(C)C=C,C=CC,C=C[C](C)C=C,rxn_1187,867,ZEUS
C=[C]C=C,C=CC(C)C=C,C=CC=C,C=C[C](C)C=C,rxn_1188,868,ZEUS
C=CC(C)C=C,[c]1ccccc1,c1ccccc1,C=C[C](C)C=C,rxn_1189,869,ZEUS
C#C[C]=C,C=CC(C)C=C,C#CC=C,C=C[C](C)C=C,rxn_1190,870,ZEUS
[CH2]S,C=CC(C)C=C,CS,C=C[C](C)C=C,rxn_1191,871,ZEUS
C[CH]S,C=CC(C)C=C,CCS,C=C[C](C)C=C,rxn_1192,872,ZEUS
C=CC(C)C=C,[CH2]C=S,CC=S,C=C[C](C)C=C,rxn_1194,873,ZEUS
C[CH]C=S,C=CC(C)C=C,CCC=S,C=C[C](C)C=C,rxn_1195,874,ZEUS
C=CC(C)C=C,S=C[C](C)C,S=CC(C)C,C=C[C](C)C=C,rxn_1196,875,ZEUS
C=[C]C=S,C=CC(C)C=C,C=CC=S,C=C[C](C)C=C,rxn_1198,876,ZEUS
S[CH]C=C,C=CC(C)C=C,SCC=C,C=C[C](C)C=C,rxn_1200,877,ZEUS
C[C](C=C)S,C=CC(C)C=C,CC(C=C)S,C=C[C](C)C=C,rxn_1201,878,ZEUS
S[CH]C=S,C=CC(C)C=C,SCC=S,C=C[C](C)C=C,rxn_1202,879,ZEUS
C[C](C=S)S,C=CC(C)C=C,CC(C=S)S,C=C[C](C)C=C,rxn_1203,880,ZEUS
S[CH]C#C,C=CC(C)C=C,SCC#C,C=C[C](C)C=C,rxn_1204,881,ZEUS
C[C](C#C)S,C=CC(C)C=C,CC(C#C)S,C=C[C](C)C=C,rxn_1205,882,ZEUS
C=CC(C)C=C,C[C]=S,CC=S,C=C[C](C)C=C,rxn_1209,883,ZEUS
S[C]=S,C=CC(C)C=C,SC=S,C=C[C](C)C=C,rxn_1210,884,ZEUS
C=CC(C)C=C,C=C[C]=S,C=CC=S,C=C[C](C)C=C,rxn_1211,885,ZEUS
[H],C#CC,[H][H],C#C[CH2],rxn_1213,886,ZEUS
C#CC,[CH3],C,C#C[CH2],rxn_1214,887,ZEUS
C#CC,C[CH2],CC,C#C[CH2],rxn_1215,888,ZEUS
C#CC,C[CH]C,CCC,C#C[CH2],rxn_1216,889,ZEUS
C#CC,C[C](C)C,CC(C)C,C#C[CH2],rxn_1217,890,ZEUS
C#CC,C=C[CH]C,C=CCC,C#C[CH2],rxn_1219,891,ZEUS
C#CC,C=C[C](C)C,C=CC(C)C,C#C[CH2],rxn_1220,892,ZEUS
C#CC,C=C[CH]C=C,C=CCC=C,C#C[CH2],rxn_1221,893,ZEUS
C#CC,C=C[C](C)C=C,C=CC(C)C=C,C#C[CH2],rxn_1222,894,ZEUS
C#CC,C#C[CH]C,C#CCC,C#C[CH2],rxn_1223,895,ZEUS
C#CC,C#C[C](C)C,C#CC(C)C,C#C[CH2],rxn_1224,896,ZEUS
C#CC,C#C[CH]C#C,C#CCC#C,C#C[CH2],rxn_1225,897,ZEUS
C#CC,C#C[C](C)C#C,C#CC(C)C#C,C#C[CH2],rxn_1226,898,ZEUS
C#CC,[CH2]c1ccccc1,Cc1ccccc1,C#C[CH2],rxn_1227,899,ZEUS
C#CC,C[CH]c1ccccc1,CCc1ccccc1,C#C[CH2],rxn_1228,900,ZEUS
C#CC,C[C](C)c1ccccc1,CC(C)c1ccccc1,C#C[CH2],rxn_1229,901,ZEUS
C#CC,[CH]=C,C=C,C#C[CH2],rxn_1230,902,ZEUS
C#CC,C=[C]C,C=CC,C#C[CH2],rxn_1231,903,ZEUS
C#CC,C=[C]C=C,C=CC=C,C#C[CH2],rxn_1232,904,ZEUS
C#CC,[c]1ccccc1,c1ccccc1,C#C[CH2],rxn_1233,905,ZEUS
C#C[C]=C,C#CC,C#CC=C,C#C[CH2],rxn_1234,906,ZEUS
C#CC,[CH2]S,CS,C#C[CH2],rxn_1235,907,ZEUS
C#CC,C[CH]S,CCS,C#C[CH2],rxn_1236,908,ZEUS
C#CC,C[C](S)C,CC(S)C,C#C[CH2],rxn_1237,909,ZEUS
C#CC,[CH2]C=S,CC=S,C#C[CH2],rxn_1238,910,ZEUS
C#CC,C[CH]C=S,CCC=S,C#C[CH2],rxn_1239,911,ZEUS
C#CC,S=C[C](C)C,S=CC(C)C,C#C[CH2],rxn_1240,912,ZEUS
C#CC,C=[C]C=S,C=CC=S,C#C[CH2],rxn_1242,913,ZEUS
C#CC,S[CH]C=C,SCC=C,C#C[CH2],rxn_1243,914,ZEUS
C#CC,C[C](C=C)S,CC(C=C)S,C#C[CH2],rxn_1245,915,ZEUS
C#CC,S[CH]C=S,SCC=S,C#C[CH2],rxn_1246,916,ZEUS
C#CC,C[C](C=S)S,CC(C=S)S,C#C[CH2],rxn_1247,917,ZEUS
C#CC,S[CH]C#C,SCC#C,C#C[CH2],rxn_1248,918,ZEUS
C#CC,C[C](C#C)S,CC(C#C)S,C#C[CH2],rxn_1249,919,ZEUS
C#CC,C[C]=S,CC=S,C#C[CH2],rxn_1253,920,ZEUS
S[C]=S,C#CC,SC=S,C#C[CH2],rxn_1254,921,ZEUS
C#CC,C=C[C]=S,C=CC=S,C#C[CH2],rxn_1255,922,ZEUS
S=[C]C#C,C#CC,S=CC#C,C#C[CH2],rxn_1256,923,ZEUS
[H],C#CCC,[H][H],C#C[CH]C,rxn_1257,924,ZEUS
C#CCC,[CH3],C,C#C[CH]C,rxn_1258,925,ZEUS
C#CCC,C[CH2],CC,C#C[CH]C,rxn_1259,926,ZEUS
C#CCC,C[CH]C,CCC,C#C[CH]C,rxn_1260,927,ZEUS
C#CCC,[CH2]C=C,C=CC,C#C[CH]C,rxn_1262,928,ZEUS
C#CCC,C=C[CH]C,C=CCC,C#C[CH]C,rxn_1263,929,ZEUS
C#CCC,C=C[C](C)C,C=CC(C)C,C#C[CH]C,rxn_1264,930,ZEUS
C#CCC,C=C[CH]C=C,C=CCC=C,C#C[CH]C,rxn_1265,931,ZEUS
C#CCC,C=C[C](C)C=C,C=CC(C)C=C,C#C[CH]C,rxn_1266,932,ZEUS
C#CCC,C#C[C](C)C,C#CC(C)C,C#C[CH]C,rxn_1268,933,ZEUS
C#C[CH]C#C,C#CCC,C#CCC#C,C#C[CH]C,rxn_1269,934,ZEUS
C#C[C](C)C#C,C#CCC,C#CC(C)C#C,C#C[CH]C,rxn_1270,935,ZEUS
C#CCC,[CH2]c1ccccc1,Cc1ccccc1,C#C[CH]C,rxn_1271,936,ZEUS
C#CCC,C[CH]c1ccccc1,CCc1ccccc1,C#C[CH]C,rxn_1272,937,ZEUS
C#CCC,C[C](C)c1ccccc1,CC(C)c1ccccc1,C#C[CH]C,rxn_1273,938,ZEUS
C#CCC,[CH]=C,C=C,C#C[CH]C,rxn_1274,939,ZEUS
C#CCC,C=[C]C,C=CC,C#C[CH]C,rxn_1275,940,ZEUS
C#CCC,C=[C]C=C,C=CC=C,C#C[CH]C,rxn_1276,941,ZEUS
C#CCC,[c]1ccccc1,c1ccccc1,C#C[CH]C,rxn_1277,942,ZEUS
C#C[C]=C,C#CCC,C#CC=C,C#C[CH]C,rxn_1278,943,ZEUS
C#CCC,[CH2]S,CS,C#C[CH]C,rxn_1279,944,ZEUS
C#CCC,C[CH]S,CCS,C#C[CH]C,rxn_1280,945,ZEUS
C#CCC,C[C](S)C,CC(S)C,C#C[CH]C,rxn_1281,946,ZEUS
C#CCC,[CH2]C=S,CC=S,C#C[CH]C,rxn_1282,947,ZEUS
C#CCC,C[CH]C=S,CCC=S,C#C[CH]C,rxn_1283,948,ZEUS
C#CCC,S=C[C](C)C,S=CC(C)C,C#C[CH]C,rxn_1284,949,ZEUS
C#CCC,C=[C]C=S,C=CC=S,C#C[CH]C,rxn_1286,950,ZEUS
C#CCC,S[CH]C=C,SCC=C,C#C[CH]C,rxn_1287,951,ZEUS
C#CCC,C[C](C=C)S,CC(C=C)S,C#C[CH]C,rxn_1288,952,ZEUS
C#CCC,S[CH]C=S,SCC=S,C#C[CH]C,rxn_1290,953,ZEUS
C#CCC,S[CH]C#C,SCC#C,C#C[CH]C,rxn_1292,954,ZEUS
C#CCC,C[C](C#C)S,CC(C#C)S,C#C[CH]C,rxn_1293,955,ZEUS
C#CCC,C[C]=S,CC=S,C#C[CH]C,rxn_1297,956,ZEUS
S[C]=S,C#CCC,SC=S,C#C[CH]C,rxn_1298,957,ZEUS
C#CCC,C=C[C]=S,C=CC=S,C#C[CH]C,rxn_1299,958,ZEUS
[H],C#CC(C)C,[H][H],C#C[C](C)C,rxn_1301,959,ZEUS
C#CC(C)C,[CH3],C,C#C[C](C)C,rxn_1302,960,ZEUS
C#CC(C)C,C[CH2],CC,C#C[C](C)C,rxn_1303,961,ZEUS
C#CC(C)C,C[CH]C,CCC,C#C[C](C)C,rxn_1304,962,ZEUS
C#CC(C)C,[CH2]C=C,C=CC,C#C[C](C)C,rxn_1306,963,ZEUS
C#CC(C)C,C=C[C](C)C,C=CC(C)C,C#C[C](C)C,rxn_1308,964,ZEUS
C#CC(C)C,C=C[CH]C=C,C=CCC=C,C#C[C](C)C,rxn_1309,965,ZEUS
C#CC(C)C,C=C[C](C)C=C,C=CC(C)C=C,C#C[C](C)C,rxn_1310,966,ZEUS
C#C[C](C)C#C,C#CC(C)C,C#CC(C)C#C,C#C[C](C)C,rxn_1314,967,ZEUS
C#CC(C)C,C[CH]c1ccccc1,CCc1ccccc1,C#C[C](C)C,rxn_1316,968,ZEUS
C#CC(C)C,C[C](C)c1ccccc1,CC(C)c1ccccc1,C#C[C](C)C,rxn_1317,969,ZEUS
C#CC(C)C,[CH]=C,C=C,C#C[C](C)C,rxn_1318,970,ZEUS
C#CC(C)C,C=[C]C,C=CC,C#C[C](C)C,rxn_1319,971,ZEUS
C#CC(C)C,C=[C]C=C,C=CC=C,C#C[C](C)C,rxn_1320,972,ZEUS
C#CC(C)C,[c]1ccccc1,c1ccccc1,C#C[C](C)C,rxn_1321,973,ZEUS
C#CC(C)C,C#C[C]=C,C#CC=C,C#C[C](C)C,rxn_1322,974,ZEUS
C#CC(C)C,[CH2]S,CS,C#C[C](C)C,rxn_1323,975,ZEUS
C#CC(C)C,C[CH]S,CCS,C#C[C](C)C,rxn_1324,976,ZEUS
C#CC(C)C,C[C](S)C,CC(S)C,C#C[C](C)C,rxn_1325,977,ZEUS
C#CC(C)C,[CH2]C=S,CC=S,C#C[C](C)C,rxn_1326,978,ZEUS
C#CC(C)C,C[CH]C=S,CCC=S,C#C[C](C)C,rxn_1327,979,ZEUS
C#CC(C)C,S=C[C](C)C,S=CC(C)C,C#C[C](C)C,rxn_1328,980,ZEUS
C#CC(C)C,C=[C]C=S,C=CC=S,C#C[C](C)C,rxn_1330,981,ZEUS
C#CC(C)C,S[CH]C=C,SCC=C,C#C[C](C)C,rxn_1331,982,ZEUS
C#CC(C)C,C[C](C=C)S,CC(C=C)S,C#C[C](C)C,rxn_1332,983,ZEUS
C#CC(C)C,S[CH]C=S,SCC=S,C#C[C](C)C,rxn_1333,984,ZEUS
S[CH]C#C,C#CC(C)C,SCC#C,C#C[C](C)C,rxn_1336,985,ZEUS
C#CC(C)C,C[C](C#C)S,CC(C#C)S,C#C[C](C)C,rxn_1337,986,ZEUS
C#CC(C)C,C[C]=S,CC=S,C#C[C](C)C,rxn_1341,987,ZEUS
C#CC(C)C,S[C]=S,SC=S,C#C[C](C)C,rxn_1342,988,ZEUS
[H],C#CCC#C,[H][H],C#C[CH]C#C,rxn_1345,989,ZEUS
C#CCC#C,[CH3],C,C#C[CH]C#C,rxn_1346,990,ZEUS
C#CCC#C,C[CH2],CC,C#C[CH]C#C,rxn_1347,991,ZEUS
C#CCC#C,C[CH]C,CCC,C#C[CH]C#C,rxn_1348,992,ZEUS
C#CCC#C,C[C](C)C,CC(C)C,C#C[CH]C#C,rxn_1349,993,ZEUS
C#CCC#C,[CH2]C=C,C=CC,C#C[CH]C#C,rxn_1350,994,ZEUS
C#CCC#C,C=C[CH]C,C=CCC,C#C[CH]C#C,rxn_1351,995,ZEUS
C#CCC#C,C=C[C](C)C,C=CC(C)C,C#C[CH]C#C,rxn_1352,996,ZEUS
C#CCC#C,C=C[CH]C=C,C=CCC=C,C#C[CH]C#C,rxn_1353,997,ZEUS
C#CCC#C,C=C[C](C)C=C,C=CC(C)C=C,C#C[CH]C#C,rxn_1354,998,ZEUS
C#CCC#C,C#C[CH]C,C#CCC,C#C[CH]C#C,rxn_1356,999,ZEUS
C#C[C](C)C,C#CCC#C,C#CC(C)C,C#C[CH]C#C,rxn_1357,1000,ZEUS
C#CCC#C,C#C[C](C)C#C,C#CC(C)C#C,C#C[CH]C#C,rxn_1358,1001,ZEUS
C#CCC#C,[CH2]c1ccccc1,Cc1ccccc1,C#C[CH]C#C,rxn_1359,1002,ZEUS
C#CCC#C,C[CH]c1ccccc1,CCc1ccccc1,C#C[CH]C#C,rxn_1360,1003,ZEUS
C#CCC#C,C[C](C)c1ccccc1,CC(C)c1ccccc1,C#C[CH]C#C,rxn_1361,1004,ZEUS
C#CCC#C,[CH]=C,C=C,C#C[CH]C#C,rxn_1362,1005,ZEUS
C#CCC#C,C=[C]C,C=CC,C#C[CH]C#C,rxn_1363,1006,ZEUS
C#CCC#C,C=[C]C=C,C=CC=C,C#C[CH]C#C,rxn_1364,1007,ZEUS
C#CCC#C,[c]1ccccc1,c1ccccc1,C#C[CH]C#C,rxn_1365,1008,ZEUS
C#C[C]=C,C#CCC#C,C#CC=C,C#C[CH]C#C,rxn_1366,1009,ZEUS
C#CCC#C,[CH2]S,CS,C#C[CH]C#C,rxn_1367,1010,ZEUS
C#CCC#C,C[CH]S,CCS,C#C[CH]C#C,rxn_1368,1011,ZEUS
C#CCC#C,C[C](S)C,CC(S)C,C#C[CH]C#C,rxn_1369,1012,ZEUS
C#CCC#C,[CH2]C=S,CC=S,C#C[CH]C#C,rxn_1370,1013,ZEUS
C#CCC#C,C[CH]C=S,CCC=S,C#C[CH]C#C,rxn_1371,1014,ZEUS
C#CCC#C,S=C[C](C)C,S=CC(C)C,C#C[CH]C#C,rxn_1372,1015,ZEUS
C#CCC#C,C=[C]C=S,C=CC=S,C#C[CH]C#C,rxn_1374,1016,ZEUS
C#CCC#C,S[CH]C=C,SCC=C,C#C[CH]C#C,rxn_1375,1017,ZEUS
C#CCC#C,C[C](C=C)S,CC(C=C)S,C#C[CH]C#C,rxn_1376,1018,ZEUS
C#CCC#C,S[CH]C=S,SCC=S,C#C[CH]C#C,rxn_1377,1019,ZEUS
C#CCC#C,C[C](C=S)S,CC(C=S)S,C#C[CH]C#C,rxn_1378,1020,ZEUS
C#CCC#C,S[CH]C#C,SCC#C,C#C[CH]C#C,rxn_1380,1021,ZEUS
C[C](C#C)S,C#CCC#C,CC(C#C)S,C#C[CH]C#C,rxn_1381,1022,ZEUS
C#CCC#C,S[C]=S,SC=S,C#C[CH]C#C,rxn_1386,1023,ZEUS
C#CCC#C,C=C[C]=S,C=CC=S,C#C[CH]C#C,rxn_1387,1024,ZEUS
[H],C#CC(C)C#C,[H][H],C#C[C](C)C#C,rxn_1389,1025,ZEUS
C#CC(C)C#C,[CH3],C,C#C[C](C)C#C,rxn_1390,1026,ZEUS
C#CC(C)C#C,C[CH2],CC,C#C[C](C)C#C,rxn_1391,1027,ZEUS
C#CC(C)C#C,C[CH]C,CCC,C#C[C](C)C#C,rxn_1392,1028,ZEUS
C#CC(C)C#C,[CH2]C=C,C=CC,C#C[C](C)C#C,rxn_1394,1029,ZEUS
C#CC(C)C#C,C=C[CH]C,C=CCC,C#C[C](C)C#C,rxn_1395,1030,ZEUS
C#CC(C)C#C,C=C[C](C)C,C=CC(C)C,C#C[C](C)C#C,rxn_1396,1031,ZEUS
C#CC(C)C#C,C=C[CH]C=C,C=CCC=C,C#C[C](C)C#C,rxn_1397,1032,ZEUS
C#CC(C)C#C,C=C[C](C)C=C,C=CC(C)C=C,C#C[C](C)C#C,rxn_1398,1033,ZEUS
C#CC(C)C#C,C#C[CH]C,C#CCC,C#C[C](C)C#C,rxn_1400,1034,ZEUS
C#CC(C)C#C,C#C[C](C)C,C#CC(C)C,C#C[C](C)C#C,rxn_1401,1035,ZEUS
C#C[CH]C#C,C#CC(C)C#C,C#CCC#C,C#C[C](C)C#C,rxn_1402,1036,ZEUS
C#CC(C)C#C,[CH2]c1ccccc1,Cc1ccccc1,C#C[C](C)C#C,rxn_1403,1037,ZEUS
C#CC(C)C#C,C[CH]c1ccccc1,CCc1ccccc1,C#C[C](C)C#C,rxn_1404,1038,ZEUS
C#CC(C)C#C,C[C](C)c1ccccc1,CC(C)c1ccccc1,C#C[C](C)C#C,rxn_1405,1039,ZEUS
C#CC(C)C#C,[CH]=C,C=C,C#C[C](C)C#C,rxn_1406,1040,ZEUS
C#CC(C)C#C,C=[C]C,C=CC,C#C[C](C)C#C,rxn_1407,1041,ZEUS
C#CC(C)C#C,C=[C]C=C,C=CC=C,C#C[C](C)C#C,rxn_1408,1042,ZEUS
C#CC(C)C#C,[c]1ccccc1,c1ccccc1,C#C[C](C)C#C,rxn_1409,1043,ZEUS
C#CC(C)C#C,C#C[C]=C,C#CC=C,C#C[C](C)C#C,rxn_1410,1044,ZEUS
C#CC(C)C#C,[CH2]S,CS,C#C[C](C)C#C,rxn_1411,1045,ZEUS
C#CC(C)C#C,C[CH]S,CCS,C#C[C](C)C#C,rxn_1412,1046,ZEUS
C#CC(C)C#C,C[C](S)C,CC(S)C,C#C[C](C)C#C,rxn_1413,1047,ZEUS
C#CC(C)C#C,[CH2]C=S,CC=S,C#C[C](C)C#C,rxn_1414,1048,ZEUS
C#CC(C)C#C,C[CH]C=S,CCC=S,C#C[C](C)C#C,rxn_1415,1049,ZEUS
C#CC(C)C#C,S=C[C](C)C,S=CC(C)C,C#C[C](C)C#C,rxn_1416,1050,ZEUS
C#CC(C)C#C,C=[C]C=S,C=CC=S,C#C[C](C)C#C,rxn_1418,1051,ZEUS
C#CC(C)C#C,S[CH]C=C,SCC=C,C#C[C](C)C#C,rxn_1419,1052,ZEUS
C#CC(C)C#C,C[C](C=C)S,CC(C=C)S,C#C[C](C)C#C,rxn_1420,1053,ZEUS
C#CC(C)C#C,S[CH]C=S,SCC=S,C#C[C](C)C#C,rxn_1421,1054,ZEUS
C#CC(C)C#C,C[C](C=S)S,CC(C=S)S,C#C[C](C)C#C,rxn_1422,1055,ZEUS
C#CC(C)C#C,S[CH]C#C,SCC#C,C#C[C](C)C#C,rxn_1423,1056,ZEUS
C[C](C#C)S,C#CC(C)C#C,CC(C#C)S,C#C[C](C)C#C,rxn_1425,1057,ZEUS
C#CC(C)C#C,C[C]=S,CC=S,C#C[C](C)C#C,rxn_1429,1058,ZEUS
C#CC(C)C#C,S[C]=S,SC=S,C#C[C](C)C#C,rxn_1430,1059,ZEUS
C#CC(C)C#C,C=C[C]=S,C=CC=S,C#C[C](C)C#C,rxn_1431,1060,ZEUS
[H],Cc1ccccc1,[H][H],[CH2]c1ccccc1,rxn_1433,1061,ZEUS
[CH3],Cc1ccccc1,C,[CH2]c1ccccc1,rxn_1434,1062,ZEUS
C[CH2],Cc1ccccc1,CC,[CH2]c1ccccc1,rxn_1435,1063,ZEUS
Cc1ccccc1,C[CH]C,CCC,[CH2]c1ccccc1,rxn_1436,1064,ZEUS
[CH2]C=C,Cc1ccccc1,C=CC,[CH2]c1ccccc1,rxn_1438,1065,ZEUS
C=C[CH]C,Cc1ccccc1,C=CCC,[CH2]c1ccccc1,rxn_1439,1066,ZEUS
C=C[C](C)C,Cc1ccccc1,C=CC(C)C,[CH2]c1ccccc1,rxn_1440,1067,ZEUS
C=C[CH]C=C,Cc1ccccc1,C=CCC=C,[CH2]c1ccccc1,rxn_1441,1068,ZEUS
C#C[CH]C,Cc1ccccc1,C#CCC,[CH2]c1ccccc1,rxn_1444,1069,ZEUS
C#C[CH]C#C,Cc1ccccc1,C#CCC#C,[CH2]c1ccccc1,rxn_1446,1070,ZEUS
C#C[C](C)C#C,Cc1ccccc1,C#CC(C)C#C,[CH2]c1ccccc1,rxn_1447,1071,ZEUS
[CH]=C,Cc1ccccc1,C=C,[CH2]c1ccccc1,rxn_1450,1072,ZEUS
C=[C]C,Cc1ccccc1,C=CC,[CH2]c1ccccc1,rxn_1451,1073,ZEUS
C=[C]C=C,Cc1ccccc1,C=CC=C,[CH2]c1ccccc1,rxn_1452,1074,ZEUS
[c]1ccccc1,Cc1ccccc1,c1ccccc1,[CH2]c1ccccc1,rxn_1453,1075,ZEUS
C#C[C]=C,Cc1ccccc1,C#CC=C,[CH2]c1ccccc1,rxn_1454,1076,ZEUS
[CH2]S,Cc1ccccc1,CS,[CH2]c1ccccc1,rxn_1455,1077,ZEUS
[CH2]C=S,Cc1ccccc1,CC=S,[CH2]c1ccccc1,rxn_1458,1078,ZEUS
C=[C]C=S,Cc1ccccc1,C=CC=S,[CH2]c1ccccc1,rxn_1462,1079,ZEUS
S[CH]C=C,Cc1ccccc1,SCC=C,[CH2]c1ccccc1,rxn_1463,1080,ZEUS
C[C](C=C)S,Cc1ccccc1,CC(C=C)S,[CH2]c1ccccc1,rxn_1464,1081,ZEUS
S[CH]C=S,Cc1ccccc1,SCC=S,[CH2]c1ccccc1,rxn_1465,1082,ZEUS
S[CH]C#C,Cc1ccccc1,SCC#C,[CH2]c1ccccc1,rxn_1467,1083,ZEUS
C[C](C#C)S,Cc1ccccc1,CC(C#C)S,[CH2]c1ccccc1,rxn_1468,1084,ZEUS
S=[C]C#C,Cc1ccccc1,S=CC#C,[CH2]c1ccccc1,rxn_1476,1085,ZEUS
[H],CCc1ccccc1,[H][H],C[CH]c1ccccc1,rxn_1477,1086,ZEUS
[CH3],CCc1ccccc1,C,C[CH]c1ccccc1,rxn_1478,1087,ZEUS
C[CH2],CCc1ccccc1,CC,C[CH]c1ccccc1,rxn_1479,1088,ZEUS
CCc1ccccc1,C[CH]C,CCC,C[CH]c1ccccc1,rxn_1480,1089,ZEUS
C=C[CH]C=C,CCc1ccccc1,C=CCC=C,C[CH]c1ccccc1,rxn_1485,1090,ZEUS
C=C[C](C)C=C,CCc1ccccc1,C=CC(C)C=C,C[CH]c1ccccc1,rxn_1486,1091,ZEUS
C#C[CH]C,CCc1ccccc1,C#CCC,C[CH]c1ccccc1,rxn_1488,1092,ZEUS
C#C[C](C)C,CCc1ccccc1,C#CC(C)C,C[CH]c1ccccc1,rxn_1489,1093,ZEUS
C#C[CH]C#C,CCc1ccccc1,C#CCC#C,C[CH]c1ccccc1,rxn_1490,1094,ZEUS
C#C[C](C)C#C,CCc1ccccc1,C#CC(C)C#C,C[CH]c1ccccc1,rxn_1491,1095,ZEUS
[CH2]c1ccccc1,CCc1ccccc1,Cc1ccccc1,C[CH]c1ccccc1,rxn_1492,1096,ZEUS
[CH]=C,CCc1ccccc1,C=C,C[CH]c1ccccc1,rxn_1494,1097,ZEUS
C=[C]C,CCc1ccccc1,C=CC,C[CH]c1ccccc1,rxn_1495,1098,ZEUS
C=[C]C=C,CCc1ccccc1,C=CC=C,C[CH]c1ccccc1,rxn_1496,1099,ZEUS
C#C[C]=C,CCc1ccccc1,C#CC=C,C[CH]c1ccccc1,rxn_1498,1100,ZEUS
[CH2]S,CCc1ccccc1,CS,C[CH]c1ccccc1,rxn_1499,1101,ZEUS
C[CH]S,CCc1ccccc1,CCS,C[CH]c1ccccc1,rxn_1500,1102,ZEUS
C[C](S)C,CCc1ccccc1,CC(S)C,C[CH]c1ccccc1,rxn_1501,1103,ZEUS
[CH2]C=S,CCc1ccccc1,CC=S,C[CH]c1ccccc1,rxn_1502,1104,ZEUS
C[CH]C=S,CCc1ccccc1,CCC=S,C[CH]c1ccccc1,rxn_1503,1105,ZEUS
S=C[C](C)C,CCc1ccccc1,S=CC(C)C,C[CH]c1ccccc1,rxn_1504,1106,ZEUS
C=[C]C=S,CCc1ccccc1,C=CC=S,C[CH]c1ccccc1,rxn_1506,1107,ZEUS
S[CH]C=C,CCc1ccccc1,SCC=C,C[CH]c1ccccc1,rxn_1507,1108,ZEUS
C[C](C=C)S,CCc1ccccc1,CC(C=C)S,C[CH]c1ccccc1,rxn_1508,1109,ZEUS
C[C](C=S)S,CCc1ccccc1,CC(C=S)S,C[CH]c1ccccc1,rxn_1510,1110,ZEUS
S[CH]C#C,CCc1ccccc1,SCC#C,C[CH]c1ccccc1,rxn_1511,1111,ZEUS
C[C](C#C)S,CCc1ccccc1,CC(C#C)S,C[CH]c1ccccc1,rxn_1512,1112,ZEUS
CCc1ccccc1,C[C]=S,CC=S,C[CH]c1ccccc1,rxn_1517,1113,ZEUS
C[CH2],CC(C)c1ccccc1,CC,C[C](C)c1ccccc1,rxn_1523,1114,ZEUS
CC(C)c1ccccc1,C[C](C)C,CC(C)C,C[C](C)c1ccccc1,rxn_1525,1115,ZEUS
C=C[CH]C=C,CC(C)c1ccccc1,C=CCC=C,C[C](C)c1ccccc1,rxn_1529,1116,ZEUS
C[CH]C=S,CC(C)c1ccccc1,CCC=S,C[C](C)c1ccccc1,rxn_1547,1117,ZEUS
S[CH]C#C,CC(C)c1ccccc1,SCC#C,C[C](C)c1ccccc1,rxn_1555,1118,ZEUS
C[C]([C]1[CH][CH][CH][CH][CH]1)S,CC(C)c1ccccc1,CC([C]1[CH][CH][CH][CH][CH]1)S,C[C](C)c1ccccc1,rxn_1558,1119,ZEUS
CC(C)c1ccccc1,C[C]=S,CC=S,C[C](C)c1ccccc1,rxn_1561,1120,ZEUS
C#C[C](C)C#C,C=C,C#CC(C)C#C,[CH]=C,rxn_1578,1121,ZEUS
C=C,C[C](C)c1ccccc1,CC(C)c1ccccc1,[CH]=C,rxn_1581,1122,ZEUS
[CH2]S,C=C,CS,[CH]=C,rxn_1586,1123,ZEUS
C[CH]S,C=C,CCS,[CH]=C,rxn_1587,1124,ZEUS
C[C](S)C,C=C,CC(S)C,[CH]=C,rxn_1588,1125,ZEUS
C=C,[CH2]C=S,CC=S,[CH]=C,rxn_1589,1126,ZEUS
C[CH]C=S,C=C,CCC=S,[CH]=C,rxn_1590,1127,ZEUS
C=C,S=C[C](C)C,S=CC(C)C,[CH]=C,rxn_1591,1128,ZEUS
S[C]=C,C=C,SC=C,[CH]=C,rxn_1592,1129,ZEUS
C=[C]C=S,C=C,C=CC=S,[CH]=C,rxn_1593,1130,ZEUS
S[CH]C=C,C=C,SCC=C,[CH]=C,rxn_1594,1131,ZEUS
C[C](C=C)S,C=C,CC(C=C)S,[CH]=C,rxn_1595,1132,ZEUS
C[C](C=S)S,C=C,CC(C=S)S,[CH]=C,rxn_1597,1133,ZEUS
S[CH]C#C,C=C,SCC#C,[CH]=C,rxn_1598,1134,ZEUS
C[C](C#C)S,C=C,CC(C#C)S,[CH]=C,rxn_1599,1135,ZEUS
C=C,C[C]=S,CC=S,[CH]=C,rxn_1603,1136,ZEUS
C#C[C]=C,C=C,C#CC=C,[CH]=C,rxn_1604,1137,ZEUS
S[C]=S,C=C,SC=S,[CH]=C,rxn_1605,1138,ZEUS
C=C,C=C[C]=S,C=CC=S,[CH]=C,rxn_1606,1139,ZEUS
S=[C]C#C,C=C,S=CC#C,[CH]=C,rxn_1607,1140,ZEUS
C=C[CH]C,C=CC,C=CCC,C=[C]C,rxn_1609,1141,ZEUS
C=C[C](C)C,C=CC,C=CC(C)C,C=[C]C,rxn_1610,1142,ZEUS
C=C[CH]C=C,C=CC,C=CCC=C,C=[C]C,rxn_1611,1143,ZEUS
C#C[CH]C,C=CC,C#CCC,C=[C]C,rxn_1614,1144,ZEUS
C#C[C](C)C,C=CC,C#CC(C)C,C=[C]C,rxn_1615,1145,ZEUS
C#C[CH]C#C,C=CC,C#CCC#C,C=[C]C,rxn_1616,1146,ZEUS
C#C[C](C)C#C,C=CC,C#CC(C)C#C,C=[C]C,rxn_1617,1147,ZEUS
C=CC,C[CH]c1ccccc1,CCc1ccccc1,C=[C]C,rxn_1619,1148,ZEUS
C=CC,C[C](C)c1ccccc1,CC(C)c1ccccc1,C=[C]C,rxn_1620,1149,ZEUS
C=[C]C=C,C=CC,C=CC=C,C=[C]C,rxn_1621,1150,ZEUS
C=CC,[c]1ccccc1,c1ccccc1,C=[C]C,rxn_1622,1151,ZEUS
C#C[C]=C,C=CC,C#CC=C,C=[C]C,rxn_1623,1152,ZEUS
[CH2]S,C=CC,CS,C=[C]C,rxn_1624,1153,ZEUS
C[CH]S,C=CC,CCS,C=[C]C,rxn_1625,1154,ZEUS
C[C](S)C,C=CC,CC(S)C,C=[C]C,rxn_1626,1155,ZEUS
C=CC,[CH2]C=S,CC=S,C=[C]C,rxn_1627,1156,ZEUS
S[C]=C,C=CC,SC=C,C=[C]C,rxn_1630,1157,ZEUS
C=[C]C=S,C=CC,C=CC=S,C=[C]C,rxn_1631,1158,ZEUS
S[CH]C=C,C=CC,SCC=C,C=[C]C,rxn_1632,1159,ZEUS
C[C](C=C)S,C=CC,CC(C=C)S,C=[C]C,rxn_1633,1160,ZEUS
C[C](C=S)S,C=CC,CC(C=S)S,C=[C]C,rxn_1635,1161,ZEUS
S[CH]C#C,C=CC,SCC#C,C=[C]C,rxn_1636,1162,ZEUS
C[C](C#C)S,C=CC,CC(C#C)S,C=[C]C,rxn_1637,1163,ZEUS
C=CC,C[C]=S,CC=S,C=[C]C,rxn_1641,1164,ZEUS
S[C]=S,C=CC,SC=S,C=[C]C,rxn_1643,1165,ZEUS
C=C[C]=S,C=CC,C=CC=S,C=[C]C,rxn_1644,1166,ZEUS
[H],C=CC=C,[H][H],C=[C]C=C,rxn_1646,1167,ZEUS
[CH3],C=CC=C,C,C=[C]C=C,rxn_1647,1168,ZEUS
C=CC=C,C[CH2],CC,C=[C]C=C,rxn_1648,1169,ZEUS
C=CC=C,C[CH]C,CCC,C=[C]C=C,rxn_1649,1170,ZEUS
C=CC=C,C[C](C)C,CC(C)C,C=[C]C=C,rxn_1650,1171,ZEUS
C=CC=C,[CH2]C=C,C=CC,C=[C]C=C,rxn_1651,1172,ZEUS
C=C[CH]C,C=CC=C,C=CCC,C=[C]C=C,rxn_1652,1173,ZEUS
C=CC=C,C=C[C](C)C,C=CC(C)C,C=[C]C=C,rxn_1653,1174,ZEUS
C=C[CH]C=C,C=CC=C,C=CCC=C,C=[C]C=C,rxn_1654,1175,ZEUS
C=CC=C,C=C[C](C)C=C,C=CC(C)C=C,C=[C]C=C,rxn_1655,1176,ZEUS
C#C[CH]C,C=CC=C,C#CCC,C=[C]C=C,rxn_1657,1177,ZEUS
C#C[C](C)C,C=CC=C,C#CC(C)C,C=[C]C=C,rxn_1658,1178,ZEUS
C#C[CH]C#C,C=CC=C,C#CCC#C,C=[C]C=C,rxn_1659,1179,ZEUS
C#C[C](C)C#C,C=CC=C,C#CC(C)C#C,C=[C]C=C,rxn_1660,1180,ZEUS
C=CC=C,[CH2]c1ccccc1,Cc1ccccc1,C=[C]C=C,rxn_1661,1181,ZEUS
C=CC=C,C[C](C)c1ccccc1,CC(C)c1ccccc1,C=[C]C=C,rxn_1663,1182,ZEUS
[CH]=C,C=CC=C,C=C,C=[C]C=C,rxn_1664,1183,ZEUS
C=[C]C,C=CC=C,C=CC,C=[C]C=C,rxn_1665,1184,ZEUS
C=CC=C,[c]1ccccc1,c1ccccc1,C=[C]C=C,rxn_1666,1185,ZEUS
C#C[C]=C,C=CC=C,C#CC=C,C=[C]C=C,rxn_1667,1186,ZEUS
[CH2]S,C=CC=C,CS,C=[C]C=C,rxn_1668,1187,ZEUS
C[CH]S,C=CC=C,CCS,C=[C]C=C,rxn_1669,1188,ZEUS
C[C](S)C,C=CC=C,CC(S)C,C=[C]C=C,rxn_1670,1189,ZEUS
C=CC=C,[CH2]C=S,CC=S,C=[C]C=C,rxn_1671,1190,ZEUS
C[C]([C]1[CH][CH][CH][CH][CH]1)S,C=CC=C,CC([C]1[CH][CH][CH][CH][CH]1)S,C=[C]C=C,rxn_1683,1191,ZEUS
C[C]([C]1[CH][CH][CH][CH][CH]1)S,c1ccccc1,CC([C]1[CH][CH][CH][CH][CH]1)S,[c]1ccccc1,rxn_1725,1192,ZEUS
C#CC=C,C[C]([C]1[CH][CH][CH][CH][CH]1)S,CC([C]1[CH][CH][CH][CH][CH]1)S,C#C[C]=C,rxn_1786,1193,ZEUS
C=C=C,C[C](C)c1ccccc1,CC(C)c1ccccc1,[CH]=C=C,rxn_1787,1194,ZEUS
[CH]=C,C=C=C,C=C,[CH]=C=C,rxn_1789,1195,ZEUS
C=C=C,C=[C]C,C=CC,[CH]=C=C,rxn_1791,1196,ZEUS
S[C]=S,C#CC=C,SC=S,C#C[C]=C,rxn_1792,1197,ZEUS
C=[C]C=C,C=C=C,C=CC=C,[CH]=C=C,rxn_1793,1198,ZEUS
C#CC=C,C=C[C]=S,C=CC=S,C#C[C]=C,rxn_1794,1199,ZEUS
C=C=C,[c]1ccccc1,c1ccccc1,[CH]=C=C,rxn_1795,1200,ZEUS
C#CC=C,S=[C]C#C,S=CC#C,C#C[C]=C,rxn_1796,1201,ZEUS
[H],CS,[H][H],[CH2]S,rxn_1797,1202,ZEUS
C#C[C]=C,C=C=C,C#CC=C,[CH]=C=C,rxn_1798,1203,ZEUS
CS,[CH3],C,[CH2]S,rxn_1799,1204,ZEUS
[CH2]S,C=C=C,CS,[CH]=C=C,rxn_1800,1205,ZEUS
CS,C[CH2],CC,[CH2]S,rxn_1801,1206,ZEUS
C[CH]S,C=C=C,CCS,[CH]=C=C,rxn_1802,1207,ZEUS
CS,C[CH]C,CCC,[CH2]S,rxn_1803,1208,ZEUS
C[C](S)C,C=C=C,CC(S)C,[CH]=C=C,rxn_1804,1209,ZEUS
CS,C[C](C)C,CC(C)C,[CH2]S,rxn_1805,1210,ZEUS
C=C=C,[CH2]C=S,CC=S,[CH]=C=C,rxn_1806,1211,ZEUS
CS,[CH2]C=C,C=CC,[CH2]S,rxn_1807,1212,ZEUS
C=C=C,C[CH]C=S,CCC=S,[CH]=C=C,rxn_1808,1213,ZEUS
CS,C=C[CH]C,C=CCC,[CH2]S,rxn_1809,1214,ZEUS
C=C=C,S=C[C](C)C,S=CC(C)C,[CH]=C=C,rxn_1810,1215,ZEUS
CS,C=C[C](C)C,C=CC(C)C,[CH2]S,rxn_1811,1216,ZEUS
S[C]=C,C=C=C,SC=C,[CH]=C=C,rxn_1812,1217,ZEUS
CS,C=C[CH]C=C,C=CCC=C,[CH2]S,rxn_1813,1218,ZEUS
C=[C]C=S,C=C=C,C=CC=S,[CH]=C=C,rxn_1814,1219,ZEUS
CS,C=C[C](C)C=C,C=CC(C)C=C,[CH2]S,rxn_1815,1220,ZEUS
S[CH]C=C,C=C=C,SCC=C,[CH]=C=C,rxn_1816,1221,ZEUS
C[C](C=C)S,C=C=C,CC(C=C)S,[CH]=C=C,rxn_1818,1222,ZEUS
C#C[CH]C,CS,C#CCC,[CH2]S,rxn_1819,1223,ZEUS
S[CH]C=S,C=C=C,SCC=S,[CH]=C=C,rxn_1820,1224,ZEUS
C#C[C](C)C,CS,C#CC(C)C,[CH2]S,rxn_1821,1225,ZEUS
C[C](C=S)S,C=C=C,CC(C=S)S,[CH]=C=C,rxn_1822,1226,ZEUS
C#C[CH]C#C,CS,C#CCC#C,[CH2]S,rxn_1823,1227,ZEUS
S[CH]C#C,C=C=C,SCC#C,[CH]=C=C,rxn_1824,1228,ZEUS
C#C[C](C)C#C,CS,C#CC(C)C#C,[CH2]S,rxn_1825,1229,ZEUS
C[C](C#C)S,C=C=C,CC(C#C)S,[CH]=C=C,rxn_1826,1230,ZEUS
CS,[CH2]c1ccccc1,Cc1ccccc1,[CH2]S,rxn_1827,1231,ZEUS
CS,C[CH]c1ccccc1,CCc1ccccc1,[CH2]S,rxn_1829,1232,ZEUS
[CH]=S,C=C=C,C=S,[CH]=C=C,rxn_1832,1233,ZEUS
[CH]=C,CS,C=C,[CH2]S,rxn_1833,1234,ZEUS
C=C=C,C[C]=S,CC=S,[CH]=C=C,rxn_1834,1235,ZEUS
CS,C=[C]C,C=CC,[CH2]S,rxn_1835,1236,ZEUS
S[C]=S,C=C=C,SC=S,[CH]=C=C,rxn_1836,1237,ZEUS
CS,C=[C]C=C,C=CC=C,[CH2]S,rxn_1837,1238,ZEUS
C=C=C,C=C[C]=S,C=CC=S,[CH]=C=C,rxn_1838,1239,ZEUS
CS,[c]1ccccc1,c1ccccc1,[CH2]S,rxn_1839,1240,ZEUS
S=[C]C#C,C=C=C,S=CC#C,[CH]=C=C,rxn_1840,1241,ZEUS
[H],C#CC=C,[H][H],C#C[C]=C,rxn_1842,1242,ZEUS
C[CH]S,CS,CCS,[CH2]S,rxn_1843,1243,ZEUS
C[C](S)C,CS,CC(S)C,[CH2]S,rxn_1844,1244,ZEUS
CS,[CH2]C=S,CC=S,[CH2]S,rxn_1845,1245,ZEUS
S[C]=C,CS,SC=C,[CH2]S,rxn_1848,1246,ZEUS
CS,C=[C]C=S,C=CC=S,[CH2]S,rxn_1849,1247,ZEUS
S[CH]C=C,CS,SCC=C,[CH2]S,rxn_1850,1248,ZEUS
C[C](C=C)S,CS,CC(C=C)S,[CH2]S,rxn_1851,1249,ZEUS
S[CH]C=S,CS,SCC=S,[CH2]S,rxn_1852,1250,ZEUS
S[CH]C#C,CS,SCC#C,[CH2]S,rxn_1854,1251,ZEUS
C[C](C#C)S,CS,CC(C#C)S,[CH2]S,rxn_1855,1252,ZEUS
C[C]([C]1[CH][CH][CH][CH][CH]1)S,CS,CC([C]1[CH][CH][CH][CH][CH]1)S,[CH2]S,rxn_1857,1253,ZEUS
[CH]=S,CS,C=S,[CH2]S,rxn_1858,1254,ZEUS
CS,C[C]=S,CC=S,[CH2]S,rxn_1859,1255,ZEUS
S[C]=S,CS,SC=S,[CH2]S,rxn_1860,1256,ZEUS
CS,C=C[C]=S,C=CC=S,[CH2]S,rxn_1861,1257,ZEUS
S=[C]C#C,CS,S=CC#C,[CH2]S,rxn_1862,1258,ZEUS
[H],CCS,[H][H],C[CH]S,rxn_1863,1259,ZEUS
CCS,[CH3],C,C[CH]S,rxn_1864,1260,ZEUS
CCS,C[CH2],CC,C[CH]S,rxn_1865,1261,ZEUS
CCS,C[CH]C,CCC,C[CH]S,rxn_1866,1262,ZEUS
CCS,C[C](C)C,CC(C)C,C[CH]S,rxn_1867,1263,ZEUS
CCS,C=C[CH]C,C=CCC,C[CH]S,rxn_1869,1264,ZEUS
C#C[CH]C,CCS,C#CCC,C[CH]S,rxn_1874,1265,ZEUS
C#C[C](C)C,CCS,C#CC(C)C,C[CH]S,rxn_1875,1266,ZEUS
C#C[CH]C#C,CCS,C#CCC#C,C[CH]S,rxn_1876,1267,ZEUS
C#C[C](C)C#C,CCS,C#CC(C)C#C,C[CH]S,rxn_1877,1268,ZEUS
CCS,C[CH]c1ccccc1,CCc1ccccc1,C[CH]S,rxn_1879,1269,ZEUS
CCS,C[C](C)c1ccccc1,CC(C)c1ccccc1,C[CH]S,rxn_1880,1270,ZEUS
[CH]=C,CCS,C=C,C[CH]S,rxn_1881,1271,ZEUS
CCS,C=[C]C,C=CC,C[CH]S,rxn_1882,1272,ZEUS
CCS,C=[C]C=C,C=CC=C,C[CH]S,rxn_1883,1273,ZEUS
CCS,[c]1ccccc1,c1ccccc1,C[CH]S,rxn_1884,1274,ZEUS
[CH2]S,CCS,CS,C[CH]S,rxn_1886,1275,ZEUS
C[C](S)C,CCS,CC(S)C,C[CH]S,rxn_1887,1276,ZEUS
CCS,[CH2]C=S,CC=S,C[CH]S,rxn_1888,1277,ZEUS
CCS,C[CH]C=S,CCC=S,C[CH]S,rxn_1889,1278,ZEUS
CCS,S=C[C](C)C,S=CC(C)C,C[CH]S,rxn_1890,1279,ZEUS
S[C]=C,CCS,SC=C,C[CH]S,rxn_1891,1280,ZEUS
CCS,C=[C]C=S,C=CC=S,C[CH]S,rxn_1892,1281,ZEUS
S[CH]C=C,CCS,SCC=C,C[CH]S,rxn_1893,1282,ZEUS
C[C](C=C)S,CCS,CC(C=C)S,C[CH]S,rxn_1894,1283,ZEUS
S[CH]C=S,CCS,SCC=S,C[CH]S,rxn_1895,1284,ZEUS
C[C](C=S)S,CCS,CC(C=S)S,C[CH]S,rxn_1896,1285,ZEUS
S[CH]C#C,CCS,SCC#C,C[CH]S,rxn_1897,1286,ZEUS
C[C](C#C)S,CCS,CC(C#C)S,C[CH]S,rxn_1898,1287,ZEUS
C[C]([C]1[CH][CH][CH][CH][CH]1)S,CCS,CC([C]1[CH][CH][CH][CH][CH]1)S,C[CH]S,rxn_1900,1288,ZEUS
[CH]=S,CCS,C=S,C[CH]S,rxn_1901,1289,ZEUS
CCS,C[C]=S,CC=S,C[CH]S,rxn_1902,1290,ZEUS
S[C]=S,CCS,SC=S,C[CH]S,rxn_1903,1291,ZEUS
CCS,C=C[C]=S,C=CC=S,C[CH]S,rxn_1904,1292,ZEUS
CC(S)C,[CH3],C,C[C](S)C,rxn_1907,1293,ZEUS
CC(S)C,C[CH2],CC,C[C](S)C,rxn_1908,1294,ZEUS
C#C[C]=C,CS,C#CC=C,[CH2]S,rxn_1909,1295,ZEUS
CC(S)C,C[CH]C,CCC,C[C](S)C,rxn_1910,1296,ZEUS
CC(S)C,C[C](C)C,CC(C)C,C[C](S)C,rxn_1911,1297,ZEUS
CC(S)C,[CH2]C=C,C=CC,C[C](S)C,rxn_1912,1298,ZEUS
CC(S)C,C=C[CH]C,C=CCC,C[C](S)C,rxn_1913,1299,ZEUS
CC(S)C,C=C[C](C)C,C=CC(C)C,C[C](S)C,rxn_1914,1300,ZEUS
CC(S)C,C=C[CH]C=C,C=CCC=C,C[C](S)C,rxn_1915,1301,ZEUS
CC(S)C,C=C[C](C)C=C,C=CC(C)C=C,C[C](S)C,rxn_1916,1302,ZEUS
C#C[CH]C,CC(S)C,C#CCC,C[C](S)C,rxn_1918,1303,ZEUS
C#C[CH]C#C,CC(S)C,C#CCC#C,C[C](S)C,rxn_1920,1304,ZEUS
C#C[C](C)C#C,CC(S)C,C#CC(C)C#C,C[C](S)C,rxn_1921,1305,ZEUS
CC(S)C,[CH2]c1ccccc1,Cc1ccccc1,C[C](S)C,rxn_1922,1306,ZEUS
CC(S)C,C[CH]c1ccccc1,CCc1ccccc1,C[C](S)C,rxn_1923,1307,ZEUS
CC(S)C,C=[C]C,C=CC,C[C](S)C,rxn_1926,1308,ZEUS
CC(S)C,C=[C]C=C,C=CC=C,C[C](S)C,rxn_1927,1309,ZEUS
CC(S)C,[c]1ccccc1,c1ccccc1,C[C](S)C,rxn_1928,1310,ZEUS
[CH2]S,CC(S)C,CS,C[C](S)C,rxn_1930,1311,ZEUS
C[CH]S,CC(S)C,CCS,C[C](S)C,rxn_1931,1312,ZEUS
CC(S)C,C[CH]C=S,CCC=S,C[C](S)C,rxn_1933,1313,ZEUS
S[C]=C,CC(S)C,SC=C,C[C](S)C,rxn_1935,1314,ZEUS
CC(S)C,C=[C]C=S,C=CC=S,C[C](S)C,rxn_1936,1315,ZEUS
S[CH]C=C,CC(S)C,SCC=C,C[C](S)C,rxn_1937,1316,ZEUS
C[C](C=C)S,CC(S)C,CC(C=C)S,C[C](S)C,rxn_1938,1317,ZEUS
C[C](C=S)S,CC(S)C,CC(C=S)S,C[C](S)C,rxn_1940,1318,ZEUS
S[CH]C#C,CC(S)C,SCC#C,C[C](S)C,rxn_1941,1319,ZEUS
C[C](C#C)S,CC(S)C,CC(C#C)S,C[C](S)C,rxn_1942,1320,ZEUS
[CH]=S,CC(S)C,C=S,C[C](S)C,rxn_1945,1321,ZEUS
CC(S)C,C[C]=S,CC=S,C[C](S)C,rxn_1946,1322,ZEUS
S[C]=S,CC(S)C,SC=S,C[C](S)C,rxn_1947,1323,ZEUS
CC(S)C,C=C[C]=S,C=CC=S,C[C](S)C,rxn_1948,1324,ZEUS
S=[C]C#C,CC(S)C,S=CC#C,C[C](S)C,rxn_1949,1325,ZEUS
[H],CC=S,[H][H],[CH2]C=S,rxn_1950,1326,ZEUS
[CH3],CC=S,C,[CH2]C=S,rxn_1951,1327,ZEUS
CC=S,C[CH2],CC,[CH2]C=S,rxn_1952,1328,ZEUS
C#C[C]=C,CCS,C#CC=C,C[CH]S,rxn_1954,1329,ZEUS
[CH2]C=C,CC=S,C=CC,[CH2]C=S,rxn_1956,1330,ZEUS
C=C[CH]C,CC=S,C=CCC,[CH2]C=S,rxn_1957,1331,ZEUS
C=C[C](C)C,CC=S,C=CC(C)C,[CH2]C=S,rxn_1958,1332,ZEUS
C=C[CH]C=C,CC=S,C=CCC=C,[CH2]C=S,rxn_1959,1333,ZEUS
C=C[C](C)C=C,CC=S,C=CC(C)C=C,[CH2]C=S,rxn_1960,1334,ZEUS
C#C[CH]C,CC=S,C#CCC,[CH2]C=S,rxn_1962,1335,ZEUS
C#C[C](C)C,CC=S,C#CC(C)C,[CH2]C=S,rxn_1963,1336,ZEUS
C#C[CH]C#C,CC=S,C#CCC#C,[CH2]C=S,rxn_1964,1337,ZEUS
C#C[C](C)C#C,CC=S,C#CC(C)C#C,[CH2]C=S,rxn_1965,1338,ZEUS
[CH2]c1ccccc1,CC=S,Cc1ccccc1,[CH2]C=S,rxn_1966,1339,ZEUS
CC=S,C[CH]c1ccccc1,CCc1ccccc1,[CH2]C=S,rxn_1967,1340,ZEUS
CC=S,C[C](C)c1ccccc1,CC(C)c1ccccc1,[CH2]C=S,rxn_1968,1341,ZEUS
[CH]=C,CC=S,C=C,[CH2]C=S,rxn_1969,1342,ZEUS
C=[C]C,CC=S,C=CC,[CH2]C=S,rxn_1970,1343,ZEUS
[CH2]S,CC=S,CS,[CH2]C=S,rxn_1974,1344,ZEUS
C[CH]S,CC=S,CCS,[CH2]C=S,rxn_1975,1345,ZEUS
C[CH]C=S,CC=S,CCC=S,[CH2]C=S,rxn_1977,1346,ZEUS
S=C[C](C)C,CC=S,S=CC(C)C,[CH2]C=S,rxn_1978,1347,ZEUS
S[C]=C,CC=S,SC=C,[CH2]C=S,rxn_1979,1348,ZEUS
S[CH]C=C,CC=S,SCC=C,[CH2]C=S,rxn_1981,1349,ZEUS
C[C](C=C)S,CC=S,CC(C=C)S,[CH2]C=S,rxn_1982,1350,ZEUS
S[CH]C=S,CC=S,SCC=S,[CH2]C=S,rxn_1983,1351,ZEUS
C[C](C=S)S,CC=S,CC(C=S)S,[CH2]C=S,rxn_1984,1352,ZEUS
S[CH]C#C,CC=S,SCC#C,[CH2]C=S,rxn_1985,1353,ZEUS
C[C](C#C)S,CC=S,CC(C#C)S,[CH2]C=S,rxn_1986,1354,ZEUS
[CH]=S,CC=S,C=S,[CH2]C=S,rxn_1989,1355,ZEUS
S[C]=S,CC=S,SC=S,[CH2]C=S,rxn_1991,1356,ZEUS
C=C[C]=S,CC=S,C=CC=S,[CH2]C=S,rxn_1992,1357,ZEUS
[H],CCC=S,[H][H],C[CH]C=S,rxn_1994,1358,ZEUS
[CH3],CCC=S,C,C[CH]C=S,rxn_1995,1359,ZEUS
CCC=S,C[CH2],CC,C[CH]C=S,rxn_1996,1360,ZEUS
CCC=S,C[CH]C,CCC,C[CH]C=S,rxn_1997,1361,ZEUS
CCC=S,C[C](C)C,CC(C)C,C[CH]C=S,rxn_1998,1362,ZEUS
C#C[C]=C,CC(S)C,C#CC=C,C[C](S)C,rxn_1999,1363,ZEUS
[CH2]C=C,CCC=S,C=CC,C[CH]C=S,rxn_2000,1364,ZEUS
C=C[CH]C,CCC=S,C=CCC,C[CH]C=S,rxn_2001,1365,ZEUS
C=C[C](C)C,CCC=S,C=CC(C)C,C[CH]C=S,rxn_2002,1366,ZEUS
C=C[CH]C=C,CCC=S,C=CCC=C,C[CH]C=S,rxn_2003,1367,ZEUS
C=C[C](C)C=C,CCC=S,C=CC(C)C=C,C[CH]C=S,rxn_2004,1368,ZEUS
C#C[CH]C,CCC=S,C#CCC,C[CH]C=S,rxn_2006,1369,ZEUS
C#C[C](C)C,CCC=S,C#CC(C)C,C[CH]C=S,rxn_2007,1370,ZEUS
C#C[CH]C#C,CCC=S,C#CCC#C,C[CH]C=S,rxn_2008,1371,ZEUS
C#C[C](C)C#C,CCC=S,C#CC(C)C#C,C[CH]C=S,rxn_2009,1372,ZEUS
[CH2]c1ccccc1,CCC=S,Cc1ccccc1,C[CH]C=S,rxn_2010,1373,ZEUS
CCC=S,C[CH]c1ccccc1,CCc1ccccc1,C[CH]C=S,rxn_2011,1374,ZEUS
CCC=S,C[C](C)c1ccccc1,CC(C)c1ccccc1,C[CH]C=S,rxn_2012,1375,ZEUS
[CH]=C,CCC=S,C=C,C[CH]C=S,rxn_2013,1376,ZEUS
C=[C]C,CCC=S,C=CC,C[CH]C=S,rxn_2014,1377,ZEUS
C=[C]C=C,CCC=S,C=CC=C,C[CH]C=S,rxn_2015,1378,ZEUS
CCC=S,[c]1ccccc1,c1ccccc1,C[CH]C=S,rxn_2016,1379,ZEUS
[CH2]S,CCC=S,CS,C[CH]C=S,rxn_2018,1380,ZEUS
C[CH]S,CCC=S,CCS,C[CH]C=S,rxn_2019,1381,ZEUS
C[C](S)C,CCC=S,CC(S)C,C[CH]C=S,rxn_2020,1382,ZEUS
[CH2]C=S,CCC=S,CC=S,C[CH]C=S,rxn_2021,1383,ZEUS
S=C[C](C)C,CCC=S,S=CC(C)C,C[CH]C=S,rxn_2022,1384,ZEUS
S[C]=C,CCC=S,SC=C,C[CH]C=S,rxn_2023,1385,ZEUS
C=[C]C=S,CCC=S,C=CC=S,C[CH]C=S,rxn_2024,1386,ZEUS
S[CH]C=C,CCC=S,SCC=C,C[CH]C=S,rxn_2025,1387,ZEUS
C[C](C=C)S,CCC=S,CC(C=C)S,C[CH]C=S,rxn_2026,1388,ZEUS
[N]N,CC[NH],[NH]N,CC[N],rmg_rxn_2,1389,ATLAS
[CH]CC,CC#CC,[CH2]CC,[CH2]C#CC,rmg_rxn_3,1390,ATLAS
CC[NH],[CH]CC,CC[N],[CH2]CC,rmg_rxn_4,1391,ATLAS
[NH]N,[CH]CC,[N]N,[CH2]CC,rmg_rxn_5,1392,ATLAS
CCN=O,[CH]CC,CC=N[O],[CH2]CC,rmg_rxn_6,1393,ATLAS
[N]N,CCN=O,[NH]N,CC=N[O],rmg_rxn_7,1394,ATLAS
CC[N],CCN=O,CC=N[O],CC[NH],rmg_rxn_8,1395,ATLAS
CC[S],CCN=O,CC=N[O],CCS,rmg_rxn_10,1396,ATLAS
CC[S],CC[NH],CC[N],CCS,rmg_rxn_12,1397,ATLAS
[N]N,CCS,[NH]N,CC[S],rmg_rxn_13,1398,ATLAS
CCS,[CH]CC,CC[S],[CH2]CC,rmg_rxn_14,1399,ATLAS
[CH]CC,CCSCC,[CH2]CC,[CH2]CSCC,rmg_rxn_15,1400,ATLAS
[NH]N,[CH2]CSCC,[N]N,CCSCC,rmg_rxn_16,1401,ATLAS
CC[NH],[CH2]CSCC,CC[N],CCSCC,rmg_rxn_17,1402,ATLAS
CCS,[CH2]CSCC,CC[S],CCSCC,rmg_rxn_19,1403,ATLAS
CCN=O,[CH2]CSCC,CC=N[O],CCSCC,rmg_rxn_20,1404,ATLAS
[CH]CC,CCCC,[CH2]CC,C[CH]CC,rmg_rxn_21,1405,ATLAS
[NH]N,C[CH]CC,[N]N,CCCC,rmg_rxn_22,1406,ATLAS
CC[NH],C[CH]CC,CC[N],CCCC,rmg_rxn_23,1407,ATLAS
CC#CC,C[CH]CC,[CH2]C#CC,CCCC,rmg_rxn_24,1408,ATLAS
CCS,C[CH]CC,CC[S],CCCC,rmg_rxn_25,1409,ATLAS
CCN=O,C[CH]CC,CC=N[O],CCCC,rmg_rxn_26,1410,ATLAS
[CH2]CSCC,CCCC,C[CH]CC,CCSCC,rmg_rxn_27,1411,ATLAS
[CH]CC,CCCC,[CH2]CC,[CH2]CCC,rmg_rxn_28,1412,ATLAS
[NH]N,[CH2]CCC,[N]N,CCCC,rmg_rxn_29,1413,ATLAS
CC[NH],[CH2]CCC,CC[N],CCCC,rmg_rxn_30,1414,ATLAS
CC#CC,[CH2]CCC,[CH2]C#CC,CCCC,rmg_rxn_31,1415,ATLAS
CCS,[CH2]CCC,CC[S],CCCC,rmg_rxn_32,1416,ATLAS
CCN=O,[CH2]CCC,CC=N[O],CCCC,rmg_rxn_33,1417,ATLAS
[CH2]CSCC,CCCC,[CH2]CCC,CCSCC,rmg_rxn_34,1418,ATLAS
[CH2]CCC,CCCC,C[CH]CC,CCCC,rmg_rxn_35,1419,ATLAS
[CH]CC,C1COCOC1,[CH2]CC,[CH]1OCCCO1,rmg_rxn_36,1420,ATLAS
[NH]N,[CH]1OCCCO1,[N]N,C1COCOC1,rmg_rxn_37,1421,ATLAS
CC[NH],[CH]1OCCCO1,CC[N],C1COCOC1,rmg_rxn_38,1422,ATLAS
CC#CC,[CH]1OCCCO1,[CH2]C#CC,C1COCOC1,rmg_rxn_39,1423,ATLAS
CCS,[CH]1OCCCO1,CC[S],C1COCOC1,rmg_rxn_40,1424,ATLAS
CCN=O,[CH]1OCCCO1,CC=N[O],C1COCOC1,rmg_rxn_41,1425,ATLAS
C1COCOC1,[CH2]CSCC,[CH]1OCCCO1,CCSCC,rmg_rxn_42,1426,ATLAS
C1COCOC1,C[CH]CC,[CH]1OCCCO1,CCCC,rmg_rxn_43,1427,ATLAS
C1COCOC1,[CH2]CCC,[CH]1OCCCO1,CCCC,rmg_rxn_44,1428,ATLAS
CC=NO,C[CH]CC,CC=N[O],CCCC,rmg_rxn_45,1429,ATLAS
CC=NO,[CH2]CCC,CC=N[O],CCCC,rmg_rxn_46,1430,ATLAS
CC=NO,[CH]1OCCCO1,CC=N[O],C1COCOC1,rmg_rxn_47,1431,ATLAS
CC=NO,[CH2]CSCC,CC=N[O],CCSCC,rmg_rxn_48,1432,ATLAS
CC=N[O],CCN=O,CC=N[O],CC=NO,rmg_rxn_49,1433,ATLAS
CC=N[O],CC#CC,CC=NO,[CH2]C#CC,rmg_rxn_50,1434,ATLAS
CC[N],CC=NO,CC=N[O],CC[NH],rmg_rxn_51,1435,ATLAS
[N]N,CC=NO,[NH]N,CC=N[O],rmg_rxn_52,1436,ATLAS
CC=NO,[CH]CC,CC=N[O],[CH2]CC,rmg_rxn_53,1437,ATLAS
CC[S],CC=NO,CC=N[O],CCS,rmg_rxn_54,1438,ATLAS
[CH]CC,CCSCC,[CH2]CC,CCS[CH]C,rmg_rxn_55,1439,ATLAS
[NH]N,CCS[CH]C,[N]N,CCSCC,rmg_rxn_56,1440,ATLAS
CC[NH],CCS[CH]C,CC[N],CCSCC,rmg_rxn_57,1441,ATLAS
CC#CC,CCS[CH]C,[CH2]C#CC,CCSCC,rmg_rxn_58,1442,ATLAS
CCS,CCS[CH]C,CC[S],CCSCC,rmg_rxn_59,1443,ATLAS
CC=NO,CCS[CH]C,CC=N[O],CCSCC,rmg_rxn_60,1444,ATLAS
CCN=O,CCS[CH]C,CC=N[O],CCSCC,rmg_rxn_61,1445,ATLAS
[CH2]CSCC,CCSCC,CCS[CH]C,CCSCC,rmg_rxn_62,1446,ATLAS
C[CH]CC,CCSCC,CCS[CH]C,CCCC,rmg_rxn_63,1447,ATLAS
[CH2]CCC,CCSCC,CCS[CH]C,CCCC,rmg_rxn_64,1448,ATLAS
[CH]1OCCCO1,CCSCC,C1COCOC1,CCS[CH]C,rmg_rxn_65,1449,ATLAS
S,[CH]CC,[SH],[CH2]CC,rmg_rxn_76,1450,ATLAS
[SH],[NH]N,S,[N]N,rmg_rxn_77,1451,ATLAS
[SH],CC[NH],S,CC[N],rmg_rxn_78,1452,ATLAS
[SH],CCS,S,CC[S],rmg_rxn_80,1453,ATLAS
[SH],CC=NO,S,CC=N[O],rmg_rxn_81,1454,ATLAS
[SH],CCN=O,S,CC=N[O],rmg_rxn_82,1455,ATLAS
S,[CH2]CSCC,[SH],CCSCC,rmg_rxn_83,1456,ATLAS
[SH],CCCC,S,C[CH]CC,rmg_rxn_84,1457,ATLAS
[SH],CCCC,S,[CH2]CCC,rmg_rxn_85,1458,ATLAS
S,[CH]1OCCCO1,[SH],C1COCOC1,rmg_rxn_86,1459,ATLAS
S,CCS[CH]C,[SH],CCSCC,rmg_rxn_87,1460,ATLAS
CC#N,[CH]CC,C=C=[N],[CH2]CC,rmg_rxn_89,1461,ATLAS
CC#N,CC=N[O],C=C=[N],CC=NO,rmg_rxn_94,1462,ATLAS
CC#N,[CH2]CSCC,C=C=[N],CCSCC,rmg_rxn_96,1463,ATLAS
CC#N,C[CH]CC,C=C=[N],CCCC,rmg_rxn_97,1464,ATLAS
CC#N,[CH2]CCC,C=C=[N],CCCC,rmg_rxn_98,1465,ATLAS
[CH]CC,CCCOCC,[CH2]CC,[CH2]COCCC,rmg_rxn_151,1466,ATLAS
[NH]N,[CH2]COCCC,[N]N,CCCOCC,rmg_rxn_152,1467,ATLAS
CC[NH],[CH2]COCCC,CC[N],CCCOCC,rmg_rxn_153,1468,ATLAS
CC=NO,[CH2]COCCC,CC=N[O],CCCOCC,rmg_rxn_156,1469,ATLAS
CCN=O,[CH2]COCCC,CC=N[O],CCCOCC,rmg_rxn_157,1470,ATLAS
CCSCC,[CH2]COCCC,[CH2]CSCC,CCCOCC,rmg_rxn_158,1471,ATLAS
CCCC,[CH2]COCCC,C[CH]CC,CCCOCC,rmg_rxn_159,1472,ATLAS
CC#N,[CH2]COCCC,C=C=[N],CCCOCC,rmg_rxn_165,1473,ATLAS
CCN=O,[CH]CC,[CH2]CN=O,[CH2]CC,rmg_rxn_169,1474,ATLAS
[NH]N,[CH2]CN=O,[N]N,CCN=O,rmg_rxn_170,1475,ATLAS
[CH2]CN=O,CC[NH],CC[N],CCN=O,rmg_rxn_171,1476,ATLAS
[CH2]CN=O,CC#CC,CCN=O,[CH2]C#CC,rmg_rxn_172,1477,ATLAS
[CH2]CN=O,CCS,CC[S],CCN=O,rmg_rxn_173,1478,ATLAS
[CH2]CN=O,CC=NO,CC=N[O],CCN=O,rmg_rxn_174,1479,ATLAS
[CH2]CN=O,CCN=O,CC=N[O],CCN=O,rmg_rxn_175,1480,ATLAS
CCN=O,[CH2]CSCC,[CH2]CN=O,CCSCC,rmg_rxn_176,1481,ATLAS
[CH2]CN=O,CCCC,CCN=O,C[CH]CC,rmg_rxn_177,1482,ATLAS
[CH2]CN=O,CCCC,CCN=O,[CH2]CCC,rmg_rxn_178,1483,ATLAS
[CH2]CN=O,C1COCOC1,CCN=O,[CH]1OCCCO1,rmg_rxn_179,1484,ATLAS
[CH2]CN=O,CCSCC,CCN=O,CCS[CH]C,rmg_rxn_180,1485,ATLAS
S,[CH2]CN=O,[SH],CCN=O,rmg_rxn_182,1486,ATLAS
CC#N,[CH2]CN=O,C=C=[N],CCN=O,rmg_rxn_183,1487,ATLAS
CCN=O,[CH2]COCCC,[CH2]CN=O,CCCOCC,rmg_rxn_187,1488,ATLAS
[CH]CC,C1COCOC1,[CH2]CC,[CH]1COCOC1,rmg_rxn_188,1489,ATLAS
[NH]N,[CH]1COCOC1,[N]N,C1COCOC1,rmg_rxn_189,1490,ATLAS
CC[NH],[CH]1COCOC1,CC[N],C1COCOC1,rmg_rxn_190,1491,ATLAS
CC#CC,[CH]1COCOC1,[CH2]C#CC,C1COCOC1,rmg_rxn_191,1492,ATLAS
CCS,[CH]1COCOC1,CC[S],C1COCOC1,rmg_rxn_192,1493,ATLAS
CC=NO,[CH]1COCOC1,CC=N[O],C1COCOC1,rmg_rxn_193,1494,ATLAS
CCN=O,[CH]1COCOC1,CC=N[O],C1COCOC1,rmg_rxn_194,1495,ATLAS
C1COCOC1,[CH2]CSCC,[CH]1COCOC1,CCSCC,rmg_rxn_195,1496,ATLAS
[CH]1COCOC1,CCCC,C1COCOC1,C[CH]CC,rmg_rxn_196,1497,ATLAS
C1COCOC1,[CH2]CCC,[CH]1COCOC1,CCCC,rmg_rxn_197,1498,ATLAS
[CH]1COCOC1,C1COCOC1,[CH]1OCCCO1,C1COCOC1,rmg_rxn_198,1499,ATLAS
[CH]1COCOC1,CCSCC,C1COCOC1,CCS[CH]C,rmg_rxn_199,1500,ATLAS
S,[CH]1COCOC1,[SH],C1COCOC1,rmg_rxn_200,1501,ATLAS
CC#N,[CH]1COCOC1,C=C=[N],C1COCOC1,rmg_rxn_201,1502,ATLAS
C1COCOC1,[CH2]COCCC,[CH]1COCOC1,CCCOCC,rmg_rxn_205,1503,ATLAS
[CH2]CN=O,C1COCOC1,CCN=O,[CH]1COCOC1,rmg_rxn_206,1504,ATLAS
[CH]CC,CCCOCC,[CH2]CC,C[CH]COCC,rmg_rxn_207,1505,ATLAS
[NH]N,C[CH]COCC,[N]N,CCCOCC,rmg_rxn_208,1506,ATLAS
CC[NH],C[CH]COCC,CC[N],CCCOCC,rmg_rxn_209,1507,ATLAS
CCS,C[CH]COCC,CC[S],CCCOCC,rmg_rxn_211,1508,ATLAS
CC=NO,C[CH]COCC,CC=N[O],CCCOCC,rmg_rxn_212,1509,ATLAS
CCN=O,C[CH]COCC,CC=N[O],CCCOCC,rmg_rxn_213,1510,ATLAS
[CH2]CSCC,CCCOCC,CCSCC,C[CH]COCC,rmg_rxn_214,1511,ATLAS
CCCC,C[CH]COCC,C[CH]CC,CCCOCC,rmg_rxn_215,1512,ATLAS
[CH2]CCC,CCCOCC,CCCC,C[CH]COCC,rmg_rxn_216,1513,ATLAS
C1COCOC1,C[CH]COCC,[CH]1OCCCO1,CCCOCC,rmg_rxn_217,1514,ATLAS
CCSCC,C[CH]COCC,CCS[CH]C,CCCOCC,rmg_rxn_218,1515,ATLAS
S,C[CH]COCC,[SH],CCCOCC,rmg_rxn_219,1516,ATLAS
CC#N,C[CH]COCC,C=C=[N],CCCOCC,rmg_rxn_220,1517,ATLAS
[CH2]COCCC,CCCOCC,C[CH]COCC,CCCOCC,rmg_rxn_224,1518,ATLAS
[CH2]CN=O,CCCOCC,CCN=O,C[CH]COCC,rmg_rxn_225,1519,ATLAS
C1COCOC1,C[CH]COCC,[CH]1COCOC1,CCCOCC,rmg_rxn_226,1520,ATLAS
[CH]CC,CCCOCC,[CH2]CC,[CH2]CCOCC,rmg_rxn_227,1521,ATLAS
[NH]N,[CH2]CCOCC,[N]N,CCCOCC,rmg_rxn_228,1522,ATLAS
CC[NH],[CH2]CCOCC,CC[N],CCCOCC,rmg_rxn_229,1523,ATLAS
CC#CC,[CH2]CCOCC,[CH2]C#CC,CCCOCC,rmg_rxn_230,1524,ATLAS
CCS,[CH2]CCOCC,CC[S],CCCOCC,rmg_rxn_231,1525,ATLAS
CC=NO,[CH2]CCOCC,CC=N[O],CCCOCC,rmg_rxn_232,1526,ATLAS
CCN=O,[CH2]CCOCC,CC=N[O],CCCOCC,rmg_rxn_233,1527,ATLAS
[CH2]CSCC,CCCOCC,CCSCC,[CH2]CCOCC,rmg_rxn_234,1528,ATLAS
CCCC,[CH2]CCOCC,C[CH]CC,CCCOCC,rmg_rxn_235,1529,ATLAS
CCCC,[CH2]CCOCC,[CH2]CCC,CCCOCC,rmg_rxn_236,1530,ATLAS
C1COCOC1,[CH2]CCOCC,[CH]1OCCCO1,CCCOCC,rmg_rxn_237,1531,ATLAS
CCSCC,[CH2]CCOCC,CCS[CH]C,CCCOCC,rmg_rxn_238,1532,ATLAS
S,[CH2]CCOCC,[SH],CCCOCC,rmg_rxn_239,1533,ATLAS
CC#N,[CH2]CCOCC,C=C=[N],CCCOCC,rmg_rxn_240,1534,ATLAS
[CH2]COCCC,CCCOCC,[CH2]CCOCC,CCCOCC,rmg_rxn_244,1535,ATLAS
CCN=O,[CH2]CCOCC,[CH2]CN=O,CCCOCC,rmg_rxn_245,1536,ATLAS
C1COCOC1,[CH2]CCOCC,[CH]1COCOC1,CCCOCC,rmg_rxn_246,1537,ATLAS
[CH2]CCOCC,CCCOCC,C[CH]COCC,CCCOCC,rmg_rxn_247,1538,ATLAS
[CH]CC,C1COCOC1,[CH2]CC,[CH]1CCOCO1,rmg_rxn_248,1539,ATLAS
[NH]N,[CH]1CCOCO1,[N]N,C1COCOC1,rmg_rxn_249,1540,ATLAS
CC[NH],[CH]1CCOCO1,CC[N],C1COCOC1,rmg_rxn_250,1541,ATLAS
CC#CC,[CH]1CCOCO1,[CH2]C#CC,C1COCOC1,rmg_rxn_251,1542,ATLAS
CCS,[CH]1CCOCO1,CC[S],C1COCOC1,rmg_rxn_252,1543,ATLAS
CC=NO,[CH]1CCOCO1,CC=N[O],C1COCOC1,rmg_rxn_253,1544,ATLAS
CCN=O,[CH]1CCOCO1,CC=N[O],C1COCOC1,rmg_rxn_254,1545,ATLAS
C1COCOC1,[CH2]CSCC,[CH]1CCOCO1,CCSCC,rmg_rxn_255,1546,ATLAS
C1COCOC1,C[CH]CC,[CH]1CCOCO1,CCCC,rmg_rxn_256,1547,ATLAS
C1COCOC1,[CH2]CCC,[CH]1CCOCO1,CCCC,rmg_rxn_257,1548,ATLAS
[CH]1OCCCO1,C1COCOC1,[CH]1CCOCO1,C1COCOC1,rmg_rxn_258,1549,ATLAS
[CH]1CCOCO1,CCSCC,C1COCOC1,CCS[CH]C,rmg_rxn_259,1550,ATLAS
S,[CH]1CCOCO1,[SH],C1COCOC1,rmg_rxn_260,1551,ATLAS
C1COCOC1,[CH2]COCCC,[CH]1CCOCO1,CCCOCC,rmg_rxn_265,1552,ATLAS
[CH2]CN=O,C1COCOC1,CCN=O,[CH]1CCOCO1,rmg_rxn_266,1553,ATLAS
[CH]1COCOC1,C1COCOC1,[CH]1CCOCO1,C1COCOC1,rmg_rxn_267,1554,ATLAS
C1COCOC1,C[CH]COCC,[CH]1CCOCO1,CCCOCC,rmg_rxn_268,1555,ATLAS
C1COCOC1,[CH2]CCOCC,[CH]1CCOCO1,CCCOCC,rmg_rxn_269,1556,ATLAS
[CH]CC,CCCOCC,[CH2]CC,C[CH]OCCC,rmg_rxn_270,1557,ATLAS
[NH]N,C[CH]OCCC,[N]N,CCCOCC,rmg_rxn_271,1558,ATLAS
CC[NH],C[CH]OCCC,CC[N],CCCOCC,rmg_rxn_272,1559,ATLAS
CC#CC,C[CH]OCCC,[CH2]C#CC,CCCOCC,rmg_rxn_273,1560,ATLAS
CCS,C[CH]OCCC,CC[S],CCCOCC,rmg_rxn_274,1561,ATLAS
CC=NO,C[CH]OCCC,CC=N[O],CCCOCC,rmg_rxn_275,1562,ATLAS
CCN=O,C[CH]OCCC,CC=N[O],CCCOCC,rmg_rxn_276,1563,ATLAS
[CH2]CSCC,CCCOCC,CCSCC,C[CH]OCCC,rmg_rxn_277,1564,ATLAS
C[CH]CC,CCCOCC,CCCC,C[CH]OCCC,rmg_rxn_278,1565,ATLAS
[CH2]CCC,CCCOCC,CCCC,C[CH]OCCC,rmg_rxn_279,1566,ATLAS
[CH]1OCCCO1,CCCOCC,C1COCOC1,C[CH]OCCC,rmg_rxn_280,1567,ATLAS
S,C[CH]OCCC,[SH],CCCOCC,rmg_rxn_282,1568,ATLAS
[CH2]COCCC,CCCOCC,C[CH]OCCC,CCCOCC,rmg_rxn_287,1569,ATLAS
[CH2]CN=O,CCCOCC,CCN=O,C[CH]OCCC,rmg_rxn_288,1570,ATLAS
[CH]1COCOC1,CCCOCC,C1COCOC1,C[CH]OCCC,rmg_rxn_289,1571,ATLAS
C[CH]COCC,CCCOCC,C[CH]OCCC,CCCOCC,rmg_rxn_290,1572,ATLAS
[CH2]CCOCC,CCCOCC,C[CH]OCCC,CCCOCC,rmg_rxn_291,1573,ATLAS
C1COCOC1,C[CH]OCCC,[CH]1CCOCO1,CCCOCC,rmg_rxn_292,1574,ATLAS
[CH]CC,CCCO,[CH2]CC,CCC[O],rmg_rxn_293,1575,ATLAS
[NH]N,CCC[O],[N]N,CCCO,rmg_rxn_294,1576,ATLAS
CC[NH],CCC[O],CC[N],CCCO,rmg_rxn_295,1577,ATLAS
CCC[O],CC#CC,CCCO,[CH2]C#CC,rmg_rxn_296,1578,ATLAS
CCS,CCC[O],CC[S],CCCO,rmg_rxn_297,1579,ATLAS
CC=NO,CCC[O],CC=N[O],CCCO,rmg_rxn_298,1580,ATLAS
CCN=O,CCC[O],CC=N[O],CCCO,rmg_rxn_299,1581,ATLAS
CCC[O],CCSCC,CCCO,[CH2]CSCC,rmg_rxn_300,1582,ATLAS
CCC[O],CCCC,CCCO,C[CH]CC,rmg_rxn_301,1583,ATLAS
CCC[O],CCCC,CCCO,[CH2]CCC,rmg_rxn_302,1584,ATLAS
CCC[O],C1COCOC1,CCCO,[CH]1OCCCO1,rmg_rxn_303,1585,ATLAS
CCC[O],CCSCC,CCCO,CCS[CH]C,rmg_rxn_304,1586,ATLAS
S,CCC[O],[SH],CCCO,rmg_rxn_306,1587,ATLAS
CC#N,CCC[O],C=C=[N],CCCO,rmg_rxn_307,1588,ATLAS
CCC[O],CCCOCC,CCCO,[CH2]COCCC,rmg_rxn_311,1589,ATLAS
CCN=O,CCC[O],[CH2]CN=O,CCCO,rmg_rxn_312,1590,ATLAS
CCC[O],C1COCOC1,CCCO,[CH]1COCOC1,rmg_rxn_313,1591,ATLAS
CCC[O],CCCOCC,CCCO,C[CH]COCC,rmg_rxn_314,1592,ATLAS
CCC[O],C1COCOC1,CCCO,[CH]1CCOCO1,rmg_rxn_316,1593,ATLAS
CCC[O],CCCOCC,CCCO,C[CH]OCCC,rmg_rxn_317,1594,ATLAS
[NH]N,CC[CH]OCC,[N]N,CCCOCC,rmg_rxn_319,1595,ATLAS
CC[NH],CC[CH]OCC,CC[N],CCCOCC,rmg_rxn_320,1596,ATLAS
CC#CC,CC[CH]OCC,[CH2]C#CC,CCCOCC,rmg_rxn_321,1597,ATLAS
CC=NO,CC[CH]OCC,CC=N[O],CCCOCC,rmg_rxn_323,1598,ATLAS
CCN=O,CC[CH]OCC,CC=N[O],CCCOCC,rmg_rxn_324,1599,ATLAS
C[CH]CC,CCCOCC,CCCC,CC[CH]OCC,rmg_rxn_326,1600,ATLAS
[CH2]COCCC,CCCOCC,CC[CH]OCC,CCCOCC,rmg_rxn_335,1601,ATLAS
[CH2]CN=O,CCCOCC,CCN=O,CC[CH]OCC,rmg_rxn_336,1602,ATLAS
[CH]1COCOC1,CCCOCC,C1COCOC1,CC[CH]OCC,rmg_rxn_337,1603,ATLAS
C[CH]COCC,CCCOCC,CC[CH]OCC,CCCOCC,rmg_rxn_338,1604,ATLAS
[CH2]CCOCC,CCCOCC,CC[CH]OCC,CCCOCC,rmg_rxn_339,1605,ATLAS
C1COCOC1,CC[CH]OCC,[CH]1CCOCO1,CCCOCC,rmg_rxn_340,1606,ATLAS
CC[CH]OCC,CCCOCC,C[CH]OCCC,CCCOCC,rmg_rxn_341,1607,ATLAS
CCC[O],CCCOCC,CCCO,CC[CH]OCC,rmg_rxn_342,1608,ATLAS
[CH]=CC,CCCC,C=CC,C[CH]CC,rmg_rxn_343,1609,ATLAS
[CH]=CC,CCCC,C=CC,[CH2]CCC,rmg_rxn_344,1610,ATLAS
[CH]=CC,CCCOCC,C=CC,C[CH]COCC,rmg_rxn_345,1611,ATLAS
[CH]=CC,CCCOCC,C=CC,CC[CH]OCC,rmg_rxn_346,1612,ATLAS
[CH]=CC,CCCOCC,C=CC,C[CH]OCCC,rmg_rxn_347,1613,ATLAS
[CH]=CC,CCCOCC,C=CC,[CH2]CCOCC,rmg_rxn_348,1614,ATLAS
[CH]=CC,CCCOCC,C=CC,[CH2]COCCC,rmg_rxn_349,1615,ATLAS
[CH]=CC,C1COCOC1,C=CC,[CH]1COCOC1,rmg_rxn_350,1616,ATLAS
[CH]=CC,C1COCOC1,C=CC,[CH]1CCOCO1,rmg_rxn_351,1617,ATLAS
[CH]=CC,C1COCOC1,C=CC,[CH]1OCCCO1,rmg_rxn_352,1618,ATLAS
[SH],C=CC,S,[CH]=CC,rmg_rxn_353,1619,ATLAS
C=CC,CCS[CH]C,[CH]=CC,CCSCC,rmg_rxn_354,1620,ATLAS
[CH]=CC,CCSCC,C=CC,[CH2]CSCC,rmg_rxn_355,1621,ATLAS
CCN=O,[CH]=CC,CC=N[O],C=CC,rmg_rxn_356,1622,ATLAS
CCN=O,[CH]=CC,[CH2]CN=O,C=CC,rmg_rxn_357,1623,ATLAS
CC[NH],[CH]=CC,CC[N],C=CC,rmg_rxn_362,1624,ATLAS
[NH]N,[CH]=CC,[N]N,C=CC,rmg_rxn_363,1625,ATLAS
[CH]=CC,[CH2]CC,C=CC,[CH]CC,rmg_rxn_364,1626,ATLAS
CCS,[CH]=CC,CC[S],C=CC,rmg_rxn_365,1627,ATLAS
CC=NO,[CH]=CC,CC=N[O],C=CC,rmg_rxn_367,1628,ATLAS
[CH]=CC,CCCO,C=CC,CCC[O],rmg_rxn_368,1629,ATLAS
CC[O],CCCC,CCO,C[CH]CC,rmg_rxn_370,1630,ATLAS
CC[O],CCCC,CCO,[CH2]CCC,rmg_rxn_371,1631,ATLAS
CC[O],CCCOCC,CCO,C[CH]COCC,rmg_rxn_372,1632,ATLAS
CC[O],CCCOCC,CCO,CC[CH]OCC,rmg_rxn_373,1633,ATLAS
CC[O],CCCOCC,CCO,C[CH]OCCC,rmg_rxn_374,1634,ATLAS
CC[O],CCCOCC,CCO,[CH2]CCOCC,rmg_rxn_375,1635,ATLAS
CC[O],CCCOCC,CCO,[CH2]COCCC,rmg_rxn_376,1636,ATLAS
CC[O],C1COCOC1,CCO,[CH]1COCOC1,rmg_rxn_377,1637,ATLAS
CC[O],C1COCOC1,CCO,[CH]1CCOCO1,rmg_rxn_378,1638,ATLAS
CC[O],C1COCOC1,CCO,[CH]1OCCCO1,rmg_rxn_379,1639,ATLAS
S,CC[O],[SH],CCO,rmg_rxn_380,1640,ATLAS
CC[O],CCSCC,CCO,CCS[CH]C,rmg_rxn_381,1641,ATLAS
CC[O],CCSCC,CCO,[CH2]CSCC,rmg_rxn_382,1642,ATLAS
CC[O],CCN=O,CC=N[O],CCO,rmg_rxn_383,1643,ATLAS
CC[O],CCN=O,[CH2]CN=O,CCO,rmg_rxn_384,1644,ATLAS
CC#N,CC[O],C=C=[N],CCO,rmg_rxn_387,1645,ATLAS
CC[O],CC#CC,CCO,[CH2]C#CC,rmg_rxn_388,1646,ATLAS
CC[O],CC[NH],CC[N],CCO,rmg_rxn_389,1647,ATLAS
[NH]N,CC[O],[N]N,CCO,rmg_rxn_390,1648,ATLAS
CCO,[CH]CC,CC[O],[CH2]CC,rmg_rxn_391,1649,ATLAS
CC[O],CCS,CC[S],CCO,rmg_rxn_392,1650,ATLAS
CC[O],CC=NO,CC=N[O],CCO,rmg_rxn_394,1651,ATLAS
CCO,CCC[O],CC[O],CCCO,rmg_rxn_395,1652,ATLAS
CCO,[CH]=CC,CC[O],C=CC,rmg_rxn_396,1653,ATLAS
[O]O,C[CH]CC,[O][O],CCCC,rmg_rxn_398,1654,ATLAS
[O]O,[CH2]CCC,[O][O],CCCC,rmg_rxn_399,1655,ATLAS
[O]O,C[CH]OCCC,[O][O],CCCOCC,rmg_rxn_402,1656,ATLAS
[O]O,[CH2]COCCC,[O][O],CCCOCC,rmg_rxn_404,1657,ATLAS
[O]O,[CH]1COCOC1,[O][O],C1COCOC1,rmg_rxn_405,1658,ATLAS
[O]O,[CH]1CCOCO1,[O][O],C1COCOC1,rmg_rxn_406,1659,ATLAS
[SH],[O]O,[O][O],S,rmg_rxn_408,1660,ATLAS
[O]O,CCS[CH]C,[O][O],CCSCC,rmg_rxn_409,1661,ATLAS
[O]O,[CH2]CSCC,[O][O],CCSCC,rmg_rxn_410,1662,ATLAS
[O]O,CC=N[O],[O][O],CCN=O,rmg_rxn_411,1663,ATLAS
[O]O,[CH2]CN=O,[O][O],CCN=O,rmg_rxn_412,1664,ATLAS
[O]O,CC[N],[O][O],CC[NH],rmg_rxn_417,1665,ATLAS
[O]O,[N]N,[O][O],[NH]N,rmg_rxn_418,1666,ATLAS
[O]O,[CH]CC,[O][O],[CH2]CC,rmg_rxn_419,1667,ATLAS
[O]O,CC[S],[O][O],CCS,rmg_rxn_420,1668,ATLAS
[O]O,CC=N[O],[O][O],CC=NO,rmg_rxn_422,1669,ATLAS
[O]O,CCC[O],[O][O],CCCO,rmg_rxn_423,1670,ATLAS
[O][O],C=CC,[O]O,[CH]=CC,rmg_rxn_424,1671,ATLAS
[O]O,CC[O],[O][O],CCO,rmg_rxn_425,1672,ATLAS
[CH2]CC,CCSCC,CCC,CCS[CH]C,rmg_rxn_498,1673,ATLAS
[CH2]CC,CCSCC,CCC,[CH2]CSCC,rmg_rxn_499,1674,ATLAS
CCN=O,[CH2]CC,CC=N[O],CCC,rmg_rxn_500,1675,ATLAS
CCN=O,[CH2]CC,[CH2]CN=O,CCC,rmg_rxn_501,1676,ATLAS
CC#N,[CH2]CC,C=C=[N],CCC,rmg_rxn_504,1677,ATLAS
[CH2]CC,CC#CC,CCC,[CH2]C#CC,rmg_rxn_505,1678,ATLAS
CC[NH],[CH2]CC,CC[N],CCC,rmg_rxn_506,1679,ATLAS
[NH]N,[CH2]CC,[N]N,CCC,rmg_rxn_507,1680,ATLAS
[CH]CC,CCC,[CH2]CC,[CH2]CC,rmg_rxn_508,1681,ATLAS
CCS,[CH2]CC,CC[S],CCC,rmg_rxn_509,1682,ATLAS
CC=NO,[CH2]CC,CC=N[O],CCC,rmg_rxn_511,1683,ATLAS
CCC[O],CCC,[CH2]CC,CCCO,rmg_rxn_512,1684,ATLAS
[CH]=CC,CCC,C=CC,[CH2]CC,rmg_rxn_513,1685,ATLAS
CC[O],CCC,CCO,[CH2]CC,rmg_rxn_514,1686,ATLAS
[O]O,[CH2]CC,[O][O],CCC,rmg_rxn_515,1687,ATLAS
CSCC,C[CH]CC,[CH2]SCC,CCCC,rmg_rxn_519,1688,ATLAS
CSCC,[CH2]CCC,[CH2]SCC,CCCC,rmg_rxn_520,1689,ATLAS
CSCC,C[CH]COCC,[CH2]SCC,CCCOCC,rmg_rxn_521,1690,ATLAS
CSCC,CC[CH]OCC,[CH2]SCC,CCCOCC,rmg_rxn_522,1691,ATLAS
CSCC,C[CH]OCCC,[CH2]SCC,CCCOCC,rmg_rxn_523,1692,ATLAS
CSCC,[CH2]CCOCC,[CH2]SCC,CCCOCC,rmg_rxn_524,1693,ATLAS
CSCC,[CH2]COCCC,[CH2]SCC,CCCOCC,rmg_rxn_525,1694,ATLAS
CSCC,[CH]1COCOC1,[CH2]SCC,C1COCOC1,rmg_rxn_526,1695,ATLAS
CSCC,[CH]1CCOCO1,[CH2]SCC,C1COCOC1,rmg_rxn_527,1696,ATLAS
CSCC,[CH]1OCCCO1,[CH2]SCC,C1COCOC1,rmg_rxn_528,1697,ATLAS
S,[CH2]SCC,[SH],CSCC,rmg_rxn_529,1698,ATLAS
[CH2]SCC,CCSCC,CSCC,CCS[CH]C,rmg_rxn_530,1699,ATLAS
CSCC,[CH2]CSCC,[CH2]SCC,CCSCC,rmg_rxn_531,1700,ATLAS
[NH]N,[CH2]SCC,[N]N,CSCC,rmg_rxn_539,1701,ATLAS
CCS,[CH2]SCC,CC[S],CSCC,rmg_rxn_541,1702,ATLAS
CC=NO,[CH2]SCC,CC=N[O],CSCC,rmg_rxn_543,1703,ATLAS
CCC[O],CSCC,[CH2]SCC,CCCO,rmg_rxn_544,1704,ATLAS
C=CC,[CH2]SCC,[CH]=CC,CSCC,rmg_rxn_545,1705,ATLAS
CC[O],CSCC,CCO,[CH2]SCC,rmg_rxn_546,1706,ATLAS
[O]O,[CH2]SCC,[O][O],CSCC,rmg_rxn_547,1707,ATLAS
[CH2]CC,CSCC,[CH2]SCC,CCC,rmg_rxn_550,1708,ATLAS
CN=O,C[CH]CC,[CH2]N=O,CCCC,rmg_rxn_586,1709,ATLAS
CN=O,[CH2]CCC,[CH2]N=O,CCCC,rmg_rxn_587,1710,ATLAS
CN=O,C[CH]COCC,[CH2]N=O,CCCOCC,rmg_rxn_588,1711,ATLAS
CN=O,C[CH]OCCC,[CH2]N=O,CCCOCC,rmg_rxn_590,1712,ATLAS
CN=O,[CH2]CCOCC,[CH2]N=O,CCCOCC,rmg_rxn_591,1713,ATLAS
CN=O,[CH2]COCCC,[CH2]N=O,CCCOCC,rmg_rxn_592,1714,ATLAS
[SH],CN=O,S,[CH2]N=O,rmg_rxn_596,1715,ATLAS
[CH2]N=O,CCN=O,CN=O,CC=N[O],rmg_rxn_599,1716,ATLAS
CN=O,[CH2]CN=O,[CH2]N=O,CCN=O,rmg_rxn_600,1717,ATLAS
CN=O,CC[N],[CH2]N=O,CC[NH],rmg_rxn_605,1718,ATLAS
[N]N,CN=O,[NH]N,[CH2]N=O,rmg_rxn_606,1719,ATLAS
CN=O,[CH]CC,[CH2]N=O,[CH2]CC,rmg_rxn_607,1720,ATLAS
CN=O,CC=N[O],[CH2]N=O,CC=NO,rmg_rxn_610,1721,ATLAS
CN=O,CCC[O],[CH2]N=O,CCCO,rmg_rxn_611,1722,ATLAS
CN=O,CC[O],[CH2]N=O,CCO,rmg_rxn_613,1723,ATLAS
[O]O,[CH2]N=O,[O][O],CN=O,rmg_rxn_614,1724,ATLAS
CN=O,[CH2]CC,[CH2]N=O,CCC,rmg_rxn_617,1725,ATLAS
CN=O,[CH2]SCC,[CH2]N=O,CSCC,rmg_rxn_618,1726,ATLAS
C1COCOC1,[CH2]COCC,[CH]1COCOC1,CCOCC,rmg_rxn_628,1727,ATLAS
C1COCOC1,[CH2]COCC,[CH]1CCOCO1,CCOCC,rmg_rxn_629,1728,ATLAS
C1COCOC1,[CH2]COCC,[CH]1OCCCO1,CCOCC,rmg_rxn_630,1729,ATLAS
S,[CH2]COCC,[SH],CCOCC,rmg_rxn_631,1730,ATLAS
[CH2]COCC,CCSCC,CCS[CH]C,CCOCC,rmg_rxn_632,1731,ATLAS
[CH2]COCC,CCSCC,[CH2]CSCC,CCOCC,rmg_rxn_633,1732,ATLAS
CCN=O,[CH2]COCC,CC=N[O],CCOCC,rmg_rxn_634,1733,ATLAS
CCN=O,[CH2]COCC,[CH2]CN=O,CCOCC,rmg_rxn_635,1734,ATLAS
CC#N,[CH2]COCC,C=C=[N],CCOCC,rmg_rxn_638,1735,ATLAS
CC#CC,[CH2]COCC,[CH2]C#CC,CCOCC,rmg_rxn_639,1736,ATLAS
CC[NH],[CH2]COCC,CC[N],CCOCC,rmg_rxn_640,1737,ATLAS
[NH]N,[CH2]COCC,[N]N,CCOCC,rmg_rxn_641,1738,ATLAS
[CH]CC,CCOCC,[CH2]CC,[CH2]COCC,rmg_rxn_642,1739,ATLAS
CCS,[CH2]COCC,CC[S],CCOCC,rmg_rxn_643,1740,ATLAS
CC=NO,[CH2]COCC,CC=N[O],CCOCC,rmg_rxn_645,1741,ATLAS
CCC[O],CCOCC,CCCO,[CH2]COCC,rmg_rxn_646,1742,ATLAS
[CH]=CC,CCOCC,C=CC,[CH2]COCC,rmg_rxn_647,1743,ATLAS
CC[O],CCOCC,CCO,[CH2]COCC,rmg_rxn_648,1744,ATLAS
[O]O,[CH2]COCC,[O][O],CCOCC,rmg_rxn_649,1745,ATLAS
CCC,[CH2]COCC,[CH2]CC,CCOCC,rmg_rxn_652,1746,ATLAS
CSCC,[CH2]COCC,[CH2]SCC,CCOCC,rmg_rxn_653,1747,ATLAS
C[CH]CC,CCCOC,[CH2]OCCC,CCCC,rmg_rxn_657,1748,ATLAS
[CH2]CCC,CCCOC,[CH2]OCCC,CCCC,rmg_rxn_658,1749,ATLAS
CCCOC,C[CH]COCC,[CH2]OCCC,CCCOCC,rmg_rxn_659,1750,ATLAS
[CH2]OCCC,CCCOCC,CCCOC,CC[CH]OCC,rmg_rxn_660,1751,ATLAS
[CH2]OCCC,CCCOCC,CCCOC,C[CH]OCCC,rmg_rxn_661,1752,ATLAS
CCCOC,[CH2]CCOCC,[CH2]OCCC,CCCOCC,rmg_rxn_662,1753,ATLAS
CCCOC,[CH2]COCCC,[CH2]OCCC,CCCOCC,rmg_rxn_663,1754,ATLAS
[CH]1COCOC1,CCCOC,C1COCOC1,[CH2]OCCC,rmg_rxn_664,1755,ATLAS
C1COCOC1,[CH2]OCCC,[CH]1CCOCO1,CCCOC,rmg_rxn_665,1756,ATLAS
[CH]1OCCCO1,CCCOC,C1COCOC1,[CH2]OCCC,rmg_rxn_666,1757,ATLAS
S,[CH2]OCCC,[SH],CCCOC,rmg_rxn_667,1758,ATLAS
[CH2]OCCC,CCSCC,CCS[CH]C,CCCOC,rmg_rxn_668,1759,ATLAS
[CH2]CSCC,CCCOC,[CH2]OCCC,CCSCC,rmg_rxn_669,1760,ATLAS
CCN=O,[CH2]OCCC,CC=N[O],CCCOC,rmg_rxn_670,1761,ATLAS
[CH2]CN=O,CCCOC,CCN=O,[CH2]OCCC,rmg_rxn_671,1762,ATLAS
CC#CC,[CH2]OCCC,[CH2]C#CC,CCCOC,rmg_rxn_675,1763,ATLAS
CC[NH],[CH2]OCCC,CC[N],CCCOC,rmg_rxn_676,1764,ATLAS
[NH]N,[CH2]OCCC,[N]N,CCCOC,rmg_rxn_677,1765,ATLAS
[CH]CC,CCCOC,[CH2]CC,[CH2]OCCC,rmg_rxn_678,1766,ATLAS
CCS,[CH2]OCCC,CC[S],CCCOC,rmg_rxn_679,1767,ATLAS
CC=NO,[CH2]OCCC,CC=N[O],CCCOC,rmg_rxn_681,1768,ATLAS
[CH]=CC,CCCOC,C=CC,[CH2]OCCC,rmg_rxn_683,1769,ATLAS
[O][O],CCCOC,[O]O,[CH2]OCCC,rmg_rxn_685,1770,ATLAS
[CH2]CC,CCCOC,CCC,[CH2]OCCC,rmg_rxn_688,1771,ATLAS
CSCC,[CH2]OCCC,[CH2]SCC,CCCOC,rmg_rxn_689,1772,ATLAS
CN=O,[CH2]OCCC,[CH2]N=O,CCCOC,rmg_rxn_691,1773,ATLAS
[CH2]COCC,CCCOC,[CH2]OCCC,CCOCC,rmg_rxn_692,1774,ATLAS
[C]#N,CCCC,C#N,C[CH]CC,rmg_rxn_733,1775,ATLAS
[C]#N,CCCOCC,C#N,C[CH]COCC,rmg_rxn_735,1776,ATLAS
[C]#N,CCCOCC,C#N,CC[CH]OCC,rmg_rxn_736,1777,ATLAS
[C]#N,CCCOCC,C#N,C[CH]OCCC,rmg_rxn_737,1778,ATLAS
[C]#N,CCCOCC,C#N,[CH2]CCOCC,rmg_rxn_738,1779,ATLAS
[C]#N,CCCOCC,C#N,[CH2]COCCC,rmg_rxn_739,1780,ATLAS
[C]#N,C1COCOC1,C#N,[CH]1COCOC1,rmg_rxn_740,1781,ATLAS
[C]#N,C1COCOC1,C#N,[CH]1CCOCO1,rmg_rxn_741,1782,ATLAS
[C]#N,C1COCOC1,C#N,[CH]1OCCCO1,rmg_rxn_742,1783,ATLAS
[C]#N,CCSCC,C#N,CCS[CH]C,rmg_rxn_744,1784,ATLAS
[C]#N,CCSCC,C#N,[CH2]CSCC,rmg_rxn_745,1785,ATLAS
[C]#N,CCN=O,C#N,CC=N[O],rmg_rxn_746,1786,ATLAS
[C]#N,CCN=O,C#N,[CH2]CN=O,rmg_rxn_747,1787,ATLAS
[C]#N,CC#N,C#N,C=C=[N],rmg_rxn_750,1788,ATLAS
[C]#N,CC#CC,C#N,[CH2]C#CC,rmg_rxn_751,1789,ATLAS
[C]#N,[CH2]CC,C#N,[CH]CC,rmg_rxn_754,1790,ATLAS
[C]#N,CCS,C#N,CC[S],rmg_rxn_755,1791,ATLAS
[C]#N,CC=NO,C#N,CC=N[O],rmg_rxn_757,1792,ATLAS
[C]#N,CCCO,C#N,CCC[O],rmg_rxn_758,1793,ATLAS
[C]#N,C=CC,C#N,[CH]=CC,rmg_rxn_759,1794,ATLAS
[C]#N,CCO,C#N,CC[O],rmg_rxn_760,1795,ATLAS
[O]O,[C]#N,[O][O],C#N,rmg_rxn_761,1796,ATLAS
[C]#N,CSCC,C#N,[CH2]SCC,rmg_rxn_765,1797,ATLAS
[C]#N,CN=O,C#N,[CH2]N=O,rmg_rxn_767,1798,ATLAS
[C]#N,CCOCC,C#N,[CH2]COCC,rmg_rxn_768,1799,ATLAS
[C]#N,CCCOC,C#N,[CH2]OCCC,rmg_rxn_769,1800,ATLAS
[N]=c1onno1,N,N=c1onno1,[NH2],rxn_3118,1801,ATLAS
[N]=c1onno1,O,N=c1onno1,[OH],rxn_3120,1802,ATLAS
[N]=c1onno1,C=O,N=c1onno1,[CH]=O,rxn_3126,1803,ATLAS
[N]=c1onno1,CO,N=c1onno1,C[O],rxn_3128,1804,ATLAS
[N]=c1onno1,CO,N=c1onno1,[CH2]O,rxn_3129,1805,ATLAS
[N]=c1onno1,C#CC,N=c1onno1,C#C[CH2],rxn_3132,1806,ATLAS
[N]=c1onno1,NC=O,N=c1onno1,[NH]C=O,rxn_3142,1807,ATLAS
[N]=c1onno1,C#CC#C,N=c1onno1,[C]#CC#C,rxn_3148,1808,ATLAS
[N]=c1onno1,C#CC=O,N=c1onno1,C#C[C]=O,rxn_3152,1809,ATLAS
[N]=c1onno1,O=CC#N,N=c1onno1,O=[C]C#N,rxn_3156,1810,ATLAS
[N]=c1onno1,O=CC=O,N=c1onno1,O=[C]C=O,rxn_3158,1811,ATLAS
[N]=c1onno1,OCC#N,N=c1onno1,[O]CC#N,rxn_3160,1812,ATLAS
[N]=c1onno1,OCC#N,N=c1onno1,O[CH]C#N,rxn_3161,1813,ATLAS
[N]=c1onno1,N#CCC#N,N=c1onno1,N#C[CH]C#N,rxn_3164,1814,ATLAS
[N]=c1onno1,c1cnno1,N=c1onno1,O1C=[C]N=N1,rxn_3166,1815,ATLAS
[N]=c1onno1,c1ncno1,N=c1onno1,[C]1=NOC=N1,rxn_3170,1816,ATLAS
[N]=c1onno1,c1ncno1,N=c1onno1,C1=NO[C]=N1,rxn_3171,1817,ATLAS
[N]=c1onno1,o1cnnc1,N=c1onno1,O1C=NN=[C]1,rxn_3174,1818,ATLAS
[N]=c1onno1,c1cnon1,N=c1onno1,N1=C[C]=NO1,rxn_3178,1819,ATLAS
[N]=c1onno1,n1ncno1,N=c1onno1,O1N=N[C]=N1,rxn_3180,1820,ATLAS
[N]=c1onno1,O=C(C#N)C=O,N=c1onno1,O=C(C#N)[C]=O,rxn_3184,1821,ATLAS
[N]=c1onno1,C#CC#CC#N,N=c1onno1,[C]#CC#CC#N,rxn_3186,1822,ATLAS
[N]=c1onno1,O=c1onco1,N=c1onno1,O=C1ON=[C]O1,rxn_3193,1823,ATLAS
[N]=c1onno1,C#CC(F)(F)F,N=c1onno1,[C]#CC(F)(F)F,rxn_3197,1824,ATLAS
[N]=c1onno1,O=CC(F)(F)F,N=c1onno1,O=[C]C(F)(F)F,rxn_3199,1825,ATLAS
[N]=c1onno1,O=CC(Cl)(Cl)Cl,N=c1onno1,O=[C]C(Cl)(Cl)Cl,rxn_3201,1826,ATLAS
[N]=c1onno1,O=CC(Br)(Br)Br,N=c1onno1,O=[C]C(Br)(Br)Br,rxn_3203,1827,ATLAS
[NH]CC#N,C,NCC#N,[CH3],rxn_3205,1828,ATLAS
[NH]CC#N,N,NCC#N,[NH2],rxn_3206,1829,ATLAS
[NH]CC#N,O,NCC#N,[OH],rxn_3207,1830,ATLAS
[NH]CC#N,C#C,NCC#N,[C]#C,rxn_3208,1831,ATLAS
[NH]CC#N,C=O,NCC#N,[CH]=O,rxn_3210,1832,ATLAS
[NH]CC#N,CO,NCC#N,C[O],rxn_3211,1833,ATLAS
[NH]CC#N,CO,NCC#N,[CH2]O,rxn_3212,1834,ATLAS
[NH]CC#N,C#CC,NCC#N,C#C[CH2],rxn_3213,1835,ATLAS
[NH]CC#N,CC#N,NCC#N,[CH2]C#N,rxn_3215,1836,ATLAS
[NH]CC#N,CC=O,NCC#N,[CH2]C=O,rxn_3216,1837,ATLAS
[NH]CC#N,CC=O,NCC#N,C[C]=O,rxn_3217,1838,ATLAS
[NH]CC#N,NC=O,NCC#N,[NH]C=O,rxn_3218,1839,ATLAS
[NH]CC#N,NC=O,NCC#N,N[C]=O,rxn_3219,1840,ATLAS
[NH]CC#N,C1CO1,NCC#N,[CH]1CO1,rxn_3220,1841,ATLAS
[NH]CC#N,C#CC#C,NCC#N,[C]#CC#C,rxn_3221,1842,ATLAS
[NH]CC#N,C#CC#N,NCC#N,[C]#CC#N,rxn_3222,1843,ATLAS
[NH]CC#N,C#CC=O,NCC#N,C#C[C]=O,rxn_3223,1844,ATLAS
[NH]CC#N,C#CC=O,NCC#N,[C]#CC=O,rxn_3224,1845,ATLAS
[NH]CC#N,O=CC=O,NCC#N,O=[C]C=O,rxn_3226,1846,ATLAS
[NH]CC#N,OCC#N,NCC#N,[O]CC#N,rxn_3227,1847,ATLAS
[NH]CC#N,OCC#N,NCC#N,O[CH]C#N,rxn_3228,1848,ATLAS
[NH]CC#N,N#CCC#N,NCC#N,N#C[CH]C#N,rxn_3229,1849,ATLAS
[NH]CC#N,c1cnno1,NCC#N,O1C=[C]N=N1,rxn_3230,1850,ATLAS
[NH]CC#N,c1ncno1,NCC#N,[C]1=NOC=N1,rxn_3232,1851,ATLAS
[NH]CC#N,c1ncno1,NCC#N,C1=NO[C]=N1,rxn_3233,1852,ATLAS
[NH]CC#N,o1cnnc1,NCC#N,O1C=NN=[C]1,rxn_3234,1853,ATLAS
[NH]CC#N,c1cnon1,NCC#N,N1=C[C]=NO1,rxn_3236,1854,ATLAS
[NH]CC#N,n1ncno1,NCC#N,O1N=N[C]=N1,rxn_3237,1855,ATLAS
[NH]CC#N,C#CC(=O)C#N,NCC#N,[C]#CC(=O)C#N,rxn_3238,1856,ATLAS
[NH]CC#N,O=C(C#N)C=O,NCC#N,O=C(C#N)[C]=O,rxn_3239,1857,ATLAS
[NH]CC#N,C#CC#CC#N,NCC#N,[C]#CC#CC#N,rxn_3240,1858,ATLAS
[NH]CC#N,N=c1onno1,NCC#N,[N]=c1onno1,rxn_3242,1859,ATLAS
[NH]CC#N,O=c1onn[nH]1,NCC#N,O=C1[N]N=NO1,rxn_3243,1860,ATLAS
[NH]CC#N,O=c1onco1,NCC#N,O=C1ON=[C]O1,rxn_3244,1861,ATLAS
[NH]CC#N,C#CC(F)(F)F,NCC#N,[C]#CC(F)(F)F,rxn_3246,1862,ATLAS
[NH]CC#N,O=CC(F)(F)F,NCC#N,O=[C]C(F)(F)F,rxn_3247,1863,ATLAS
[NH]CC#N,O=CC(Cl)(Cl)Cl,NCC#N,O=[C]C(Cl)(Cl)Cl,rxn_3248,1864,ATLAS
[NH]CC#N,O=CC(Br)(Br)Br,NCC#N,O=[C]C(Br)(Br)Br,rxn_3249,1865,ATLAS
[O]c1nonn1,O=CC#N,Oc1nonn1,O=[C]C#N,rxn_3330,1866,ATLAS
