reaction,reactant_0,reactant_1,product_0,product_1
rxn_1,OO,C[CH]CCO,[O]O,CCCCO
rxn_3,OO,CCC[CH]O,[O]O,CCCCO
rxn_5,OO,C[CH]C(C)O,[O]O,CCC(C)O
rxn_6,OO,CC[C](C)O,[O]O,CCC(C)O
rxn_8,OO,[CH2]C(C)(C)O,[O]O,CC(C)(C)O
rxn_9,C=O,[CH2]C(=C)C,[CH]=O,C=C(C)C
rxn_10,CCC,C[C](C)CO,C[CH]C,CC(C)CO
rxn_13,C=C(C)C,C[C](C)CO,[CH2]C(=C)C,CC(C)CO
rxn_14,C=C(C)C,CC(C)[CH]O,[CH2]C(=C)C,CC(C)CO
rxn_15,C=C(C)C,CC(C)C[O],[CH2]C(=C)C,CC(C)CO
rxn_16,C=CC,[CH2]C(C)CO,[CH2]C=C,CC(C)CO
rxn_18,C=CC,CC(C)[CH]O,[CH2]C=C,CC(C)CO
rxn_30,CC(C)C=O,[H],C[C](C)C=O,[H][H]
rxn_31,C=C(C)C,CC=C[O],[CH2]C(=C)C,CC=CO
rxn_32,CC=CC,[O]O,[CH2]C=CC,OO
rxn_33,OO,C[C]=CC,[O]O,CC=CC
rxn_34,C=CCC,[O]O,C=C[CH]C,OO
rxn_35,OO,[CH]=CCC,[O]O,C=CCC
rxn_36,OO,CCC=C[O],[O]O,CCC=CO
rxn_37,OO,CO[O],[O]O,COO
rxn_38,C=CCC,CO[O],C=C[CH]C,COO
rxn_39,OO,[CH2]C=C,[O]O,C=CC
rxn_41,CC(C)CO,C[CH]C,C[C](C)CO,CCC
rxn_42,CC(C)=O,[OH],[CH2]C(C)=O,O
rxn_43,CCC(C)=O,[OH],[CH2]C(=O)CC,O
rxn_44,CCC(C)=O,[OH],C[CH]C(C)=O,O
rxn_45,CCC(C)=O,[OH],[CH2]CC(C)=O,O
rxn_46,CC(=O)C(C)C,[OH],[CH2]C(=O)C(C)C,O
rxn_47,CC(=O)C(C)C,[OH],C[C](C)C(C)=O,O
rxn_48,CC(=O)C(C)C,[OH],[CH2]C(C)C(C)=O,O
rxn_49,CCCCO,[OH],O,CCC[CH]O
rxn_50,C,[SH],[CH3],S
rxn_51,CC,[SH],C[CH2],S
rxn_52,CCC,[SH],[CH2]CC,S
rxn_53,CCC,[SH],C[CH]C,S
rxn_54,CCCC,[SH],C[CH]CC,S
rxn_55,C=C,[SH],[CH]=C,S
rxn_56,C=CC,[SH],[CH2]C=C,S
rxn_57,C=CCC,[SH],C=C[CH]C,S
rxn_58,C=CCC,[SH],C=[C]CC,S
rxn_59,C=C=C,[SH],[CH]=C=C,S
rxn_60,C#CCC,[SH],C#C[CH]C,S
rxn_61,[O],[N]=C=N,[OH],[N]=C=[N]
rxn_62,[O][O],[N]=C=N,[O]O,[N]=C=[N]
rxn_63,[N],[H][H],[NH],[H]
rxn_65,[N]=C=N,[OH],O,[N]=C=[N]
rxn_67,[NH2],[H][H],N,[H]
rxn_68,[NH2],C,N,[CH3]
rxn_69,[NH2],O,N,[OH]
rxn_70,S,[H],[SH],[H][H]
rxn_72,[H][H],[S],[SH],[H]
rxn_73,C,[S],[SH],[CH3]
rxn_74,CC,[S],[SH],C[CH2]
rxn_77,SS,[H],[S]S,[H][H]
rxn_78,SS,[SH],S,[S]S
rxn_80,ON=O,[H],[H][H],[O]N=O
rxn_87,C#N,[H],[C]#N,[H][H]
rxn_88,C#N,[OH],[C]#N,O
rxn_89,CS,[H],C[S],[H][H]
rxn_90,CS,[H],[CH2]S,[H][H]
rxn_91,[NH2],CC,N,C[CH2]
rxn_92,[NH2],CCC,N,[CH2]CC
rxn_93,[NH2],CCC,N,C[CH]C
rxn_94,[NH2],CCCC,N,[CH2]CCC
rxn_95,[NH2],CCCC,N,C[CH]CC
rxn_96,[NH2],CC(C)C,N,[CH2]C(C)C
rxn_97,[NH2],CC(C)C,N,C[C](C)C
rxn_98,[NH2],CCC(C)C,N,CC[C](C)C
rxn_99,[NH2],C=CC,N,[CH]=CC
rxn_100,[NH2],C=CC,N,[CH2]C=C
rxn_101,[NH2],C=CCC,N,[CH2]CC=C
rxn_102,[NH2],CC=CC,N,[CH2]C=CC
rxn_103,[NH2],C=C(C)CC,N,C=C(C)[CH]C
rxn_104,[NH2],C=CC(C)C,N,[CH2]C(C)C=C
rxn_105,[NH2],C=CC(C)C,N,C=C[C](C)C
rxn_106,[NH2],CC=C(C)C,N,[CH2]C(C)=CC
rxn_107,[NH2],C=C,N,[CH]=C
rxn_108,[NH2],C#CCC,N,C#C[CH]C
rxn_110,[NH2],C#CC(C)C,N,C#C[C](C)C
rxn_111,CCN,[H],[CH2]CN,[H][H]
rxn_112,CCN,[H],C[CH]N,[H][H]
rxn_113,CCN,[H],CC[NH],[H][H]
rxn_114,CCN,[CH3],[CH2]CN,C
rxn_115,CCN,[CH3],C[CH]N,C
rxn_116,CCN,[CH3],CC[NH],C
rxn_117,CCN,[NH2],[CH2]CN,N
rxn_118,CCN,[NH2],C[CH]N,N
rxn_119,CCN,[NH2],CC[NH],N
rxn_120,CCN,[OH],[CH2]CN,O
rxn_121,CCN,[OH],C[CH]N,O
rxn_122,CCN,[OH],CC[NH],O
rxn_123,NN,[H],[NH]N,[H][H]
rxn_124,NN,[CH3],[NH]N,C
rxn_125,NN,[NH2],[NH]N,N
rxn_126,CC=N,[H],[CH2]C=N,[H][H]
rxn_127,CC=N,[H],CC=[N],[H][H]
rxn_128,[NH],C,[NH2],[CH3]
rxn_129,[NH],CC,[NH2],C[CH2]
rxn_130,[NH],N=C=O,[NH2],[N]=C=O
rxn_131,[Cl],C,Cl,[CH3]
rxn_132,[Cl],CC,Cl,C[CH2]
rxn_133,[Cl],CCC,Cl,[CH2]CC
rxn_134,[Cl],CCC,Cl,C[CH]C
rxn_135,[Cl],CCCC,Cl,[CH2]CCC
rxn_136,[Cl],CCCC,Cl,C[CH]CC
rxn_138,[Cl],CC=O,Cl,C[C]=O
rxn_139,[Cl],CC(C)=O,Cl,[CH2]C(C)=O
rxn_140,[Cl],CO,Cl,[CH2]O
rxn_142,[Cl],CCO,Cl,C[CH]O
rxn_143,[Cl],CCO,Cl,[CH2]CO
rxn_144,[Cl],O,Cl,[OH]
rxn_145,[Cl],OO,Cl,[O]O
rxn_146,[Cl],[H][H],Cl,[H]
rxn_147,[Cl],CCCCOC=O,Cl,[CH2]CCCOC=O
rxn_148,[Cl],CCCCOC=O,Cl,C[CH]CCOC=O
rxn_149,[Cl],CCCCOC=O,Cl,CC[CH]COC=O
rxn_151,[Cl],C=C=C,Cl,[CH]=C=C
rxn_153,[Cl],C1CCC1,Cl,[CH]1CCC1
rxn_154,[Cl],C1COCCO1,Cl,[CH]1COCCO1
rxn_155,[Cl],CCCCOC(C)=O,Cl,[CH2]CCCOC(C)=O
rxn_156,[Cl],CCCCOC(C)=O,Cl,C[CH]CCOC(C)=O
rxn_159,[Cl],COC,Cl,[CH2]OC
rxn_160,[Cl],C=CC,Cl,[CH2]C=C
rxn_161,[Cl],C1CCCCC1,Cl,[CH]1CCCCC1
rxn_166,[Cl],CC(C)C,Cl,[CH2]C(C)C
rxn_168,[Cl],C1CC1,Cl,[CH]1CC1
rxn_170,[Cl],C=C,Cl,[CH]=C
rxn_174,C=CC,[c]1ccccc1,c1ccccc1,[CH]=CC
rxn_175,C=CC,[c]1ccccc1,c1ccccc1,C=[C]C
rxn_176,C=CC,[c]1ccccc1,c1ccccc1,[CH2]C=C
rxn_177,C=CC=C,[CH]=C,C=C,[CH]=CC=C
rxn_178,C=CC=C,[CH]=C,C=C,C=[C]C=C
rxn_179,C=CC=C,[c]1ccccc1,c1ccccc1,C=[C]C=C
rxn_180,C=CC=C,[c]1ccccc1,c1ccccc1,[CH]=CC=C
rxn_181,c1ccccc1,[CH3],C,[c]1ccccc1
rxn_182,Cc1ccccc1,[H],[H][H],[CH2]c1ccccc1
rxn_183,Cc1ccccc1,[H],[H][H],Cc1[c]cccc1
rxn_184,C#CCc1ccccc1,[H],[H][H],C#CCc1[c]cccc1
rxn_185,C=C=Cc1ccccc1,[H],[H][H],C=C=Cc1[c]cccc1
rxn_186,C,[H],[CH3],[H][H]
rxn_188,C,[OH],[CH3],O
rxn_189,C,[O]O,[CH3],OO
rxn_190,C,[O][O],[CH3],[O]O
rxn_191,CO,[H],[CH2]O,[H][H]
rxn_192,CO,[H],C[O],[H][H]
rxn_193,CO,[O],[CH2]O,[OH]
rxn_194,CO,[O],C[O],[OH]
rxn_195,CO,[OH],[CH2]O,O
rxn_196,CO,[OH],C[O],O
rxn_197,CO,[O]O,[CH2]O,OO
rxn_198,CO,[O]O,C[O],OO
rxn_199,CO,[O][O],[CH2]O,[O]O
rxn_200,C[O],[O]O,CO,[O][O]
rxn_201,CO,[CH3],[CH2]O,C
rxn_202,COO,[H],[CH2]OO,[H][H]
rxn_203,COO,[H],CO[O],[H][H]
rxn_204,COO,[O],[CH2]OO,[OH]
rxn_206,COO,[OH],CO[O],O
rxn_207,COO,[OH],[CH2]OO,O
rxn_208,COO,[O]O,CO[O],OO
rxn_209,CO[O],C,COO,[CH3]
rxn_210,CC,[H],C[CH2],[H][H]
rxn_211,CC,[O],C[CH2],[OH]
rxn_212,CC,[OH],C[CH2],O
rxn_213,CC,[O]O,C[CH2],OO
rxn_214,CC,[O][O],C[CH2],[O]O
rxn_215,CC,[CH3],C[CH2],C
rxn_216,CO[O],CC,COO,C[CH2]
rxn_217,C=C,[H],[CH]=C,[H][H]
rxn_218,C=C,[OH],[CH]=C,O
rxn_220,CCO,[H],C[CH]O,[H][H]
rxn_221,CCO,[H],[CH2]CO,[H][H]
rxn_222,CCO,[H],CC[O],[H][H]
rxn_223,CCO,[O],[CH2]CO,[OH]
rxn_224,CCO,[O],C[CH]O,[OH]
rxn_225,CCO,[O],CC[O],[OH]
rxn_226,CCO,[OH],C[CH]O,O
rxn_227,CCO,[OH],[CH2]CO,O
rxn_228,CCO,[O]O,C[CH]O,OO
rxn_229,CCO,[O]O,[CH2]CO,OO
rxn_230,CCO,[O]O,CC[O],OO
rxn_231,CCO,[CH3],C[CH]O,C
rxn_232,CCO,[CH3],[CH2]CO,C
rxn_233,CCO,[CH3],CC[O],C
rxn_235,CC=O,[H],[CH2]C=O,[H][H]
rxn_237,CC=O,[OH],C[C]=O,O
rxn_238,CC=O,[OH],[CH2]C=O,O
rxn_239,CC=O,[O]O,C[C]=O,OO
rxn_240,CC=O,[O]O,[CH2]C=O,OO
rxn_242,CC=O,[CH3],C[C]=O,C
rxn_243,CCO[O],[O]O,CCOO,[O][O]
rxn_244,CC(=O)O[O],[O]O,CC(=O)OO,[O][O]
rxn_247,C#CC,[H],[H][H],C#C[CH2]
rxn_248,C=C=C,[H],[H][H],[CH]=C=C
rxn_249,C#CC=C,[CH3],C,C#C[C]=C
rxn_250,C#CC=C,[H],[H][H],C#C[C]=C
rxn_251,C=C=CC,[CH3],C,[CH]=C=CC
rxn_252,C=C=CC,[H],[H][H],[CH]=C=CC
rxn_253,C#CCC,[CH3],C,C#C[CH]C
rxn_254,C#CCC,[H],[H][H],C#C[CH]C
rxn_255,C#CC,[OH],O,C#C[CH2]
rxn_256,C=C=C,[OH],O,[CH]=C=C
rxn_257,Cc1ccccc1,[OH],O,[CH2]c1ccccc1
rxn_258,Cc1ccccc1,[OH],O,Cc1[c]cccc1
rxn_259,Cc1ccccc1,[OH],O,Cc1c[c]ccc1
rxn_260,Cc1ccccc1,[OH],O,Cc1cc[c]cc1
rxn_261,Cc1ccccc1,[H],[H][H],Cc1c[c]ccc1
rxn_262,Cc1ccccc1,[H],[H][H],Cc1cc[c]cc1
rxn_263,Cc1ccccc1,[O],[OH],[CH2]c1ccccc1
rxn_264,Cc1ccccc1,[O],[OH],Cc1[c]cccc1
rxn_265,Cc1ccccc1,[O],[OH],Cc1c[c]ccc1
rxn_266,Cc1ccccc1,[O],[OH],Cc1cc[c]cc1
rxn_268,Cc1ccccc1,[CH3],C,Cc1[c]cccc1
rxn_269,Cc1ccccc1,[CH3],C,Cc1c[c]ccc1
rxn_270,Cc1ccccc1,[CH3],C,Cc1cc[c]cc1
rxn_273,Cc1ccccc1,[O]O,OO,Cc1c[c]ccc1
rxn_274,Cc1ccccc1,[O]O,OO,Cc1cc[c]cc1
rxn_275,c1ccccc1,[H],[H][H],[c]1ccccc1
rxn_276,C1=Cc2cccc3cccc1c23,[H],[H][H],[C]1=Cc2cccc3cccc1c23
rxn_277,c1ccccc1,[OH],O,[c]1ccccc1
rxn_278,c1ccccc1,[CH3],C,[c]1ccccc1
rxn_279,c1ccccc1,C[CH2],CC,[c]1ccccc1
rxn_282,[c]1ccccc1,[H][H],c1ccccc1,[H]
rxn_285,[H][H],[O],[OH],[H]
rxn_286,[H][H],[OH],O,[H]
rxn_287,[H][H],C[O],CO,[H]
rxn_288,[H][H],[CH3],C,[H]
rxn_289,[H][H],[O][O],[O]O,[H]
rxn_290,[OH],CC,O,C[CH2]
rxn_291,[OH],CCC,O,C[CH]C
rxn_293,CC,[O],[OH],C[CH2]
rxn_296,[O]O,CC,OO,C[CH2]
rxn_297,[O]O,CCC,OO,C[CH]C
rxn_298,[O]O,CC(C)C,OO,C[C](C)C
rxn_299,C[O],CC,CO,C[CH2]
rxn_300,C[O],CCC,CO,C[CH]C
rxn_301,C[O],CC(C)C,CO,C[C](C)C
rxn_302,CC,[O][O],[O]O,C[CH2]
rxn_303,CCC,[O][O],[O]O,C[CH]C
rxn_305,[H][H],[O][O],[O]O,[H]
rxn_306,[H][H],[CH]=C,C=C,[H]
rxn_307,[H][H],[C]#C,C#C,[H]
rxn_308,[H][H],[c]1ccccc1,c1ccccc1,[H]
rxn_309,[H][H],[CH]=O,C=O,[H]
rxn_310,[H][H],C[C]=O,CC=O,[H]
rxn_311,[H][H],[OH],O,[H]
rxn_312,[H][H],C[O],CO,[H]
rxn_313,C,[O][O],[O]O,[CH3]
rxn_314,C[CH2],C,CC,[CH3]
rxn_315,C[CH]C,C,CCC,[CH3]
rxn_317,[c]1ccccc1,C,c1ccccc1,[CH3]
rxn_318,[CH]=O,C,C=O,[CH3]
rxn_319,C,C[C]=O,CC=O,[CH3]
rxn_320,[OH],C,O,[CH3]
rxn_321,C[O],C,CO,[CH3]
rxn_322,[O]O,C,OO,[CH3]
rxn_323,[C]#C,CC,C#C,C[CH2]
rxn_324,[c]1ccccc1,CC,c1ccccc1,C[CH2]
rxn_325,[CH]=O,CC,C=O,C[CH2]
rxn_326,C[C]=O,CC,CC=O,C[CH2]
rxn_327,[OH],CC=O,O,[CH2]C=O
rxn_328,CO,[CH3],C,C[O]
rxn_329,[OH],CO,O,[CH2]O
rxn_330,[CH2],CCC,[CH3],C[CH]C
rxn_331,[CH2]O,CCC,CO,C[CH]C
rxn_332,[CH]=C,CCC,C=C,C[CH]C
rxn_333,[C]#C,CCC,C#C,C[CH]C
rxn_334,[CH]=O,CCC,C=O,C[CH]C
rxn_335,C[C]=O,CCC,CC=O,C[CH]C
rxn_337,[CH]=C,CC(C)C,C=C,C[C](C)C
rxn_338,[C]#C,CC(C)C,C#C,C[C](C)C
rxn_341,C=C,[O][O],[O]O,[CH]=C
rxn_342,C=C,[O],[OH],[CH]=C
rxn_343,C=C,C[CH2],CC,[CH]=C
rxn_344,[OH],C=C,O,[CH]=C
rxn_345,C=CC,[O],[OH],C=[C]C
rxn_346,[H],C=CC,[H][H],C=[C]C
rxn_347,[CH3],C=CC,C,C=[C]C
rxn_348,[CH]=C,C=CC,C=C,C=[C]C
rxn_349,[C]#C,C=CC,C#C,C=[C]C
rxn_350,[OH],C=CC,O,C=[C]C
rxn_352,C#C,C[CH2],CC,[C]#C
rxn_353,[OH],C#C,O,[C]#C
rxn_355,[H],c1ccccc1,[H][H],[c]1ccccc1
rxn_356,C[CH2],c1ccccc1,CC,[c]1ccccc1
rxn_357,[OH],c1ccccc1,O,[c]1ccccc1
rxn_358,C=O,[O][O],[O]O,[CH]=O
rxn_360,[CH2],C=O,[CH3],[CH]=O
rxn_361,[CH3],C=O,C,[CH]=O
rxn_362,C=O,C[CH2],CC,[CH]=O
rxn_363,C=O,C[CH]C,CCC,[CH]=O
rxn_365,[CH]=C,C=O,C=C,[CH]=O
rxn_366,C=O,C[C]=O,CC=O,[CH]=O
rxn_367,[OH],C=O,O,[CH]=O
rxn_368,C=O,C[O],CO,[CH]=O
rxn_369,[O]O,C=O,OO,[CH]=O
rxn_370,CC=O,[O][O],[O]O,C[C]=O
rxn_372,[H],CC=O,[H][H],C[C]=O
rxn_373,[CH3],CC=O,C,C[C]=O
rxn_376,[OH],CC=O,O,C[C]=O
rxn_377,[O]O,CC=O,OO,C[C]=O
rxn_378,O,[O][O],[O]O,[OH]
rxn_380,[H],O,[H][H],[OH]
rxn_381,O,[CH3],C,[OH]
rxn_382,O,C[CH2],CC,[OH]
rxn_383,O,[CH]=C,C=C,[OH]
rxn_384,O,[CH]=O,C=O,[OH]
rxn_385,O,C[O],CO,[OH]
rxn_386,CO,[O],[OH],C[O]
rxn_387,[CH2],CO,[CH3],C[O]
rxn_388,CO,[CH3],C,C[O]
rxn_389,CO,C[CH2],CC,C[O]
rxn_390,CO,C[CH]C,CCC,C[O]
rxn_391,CO,C[C](C)C,CC(C)C,C[O]
rxn_392,[CH]=C,CO,C=C,C[O]
rxn_393,[C]#C,CO,C#C,C[O]
rxn_394,[OH],CO,O,C[O]
rxn_396,OO,C[CH]CCO,CCCCO,[O]O
rxn_398,OO,CCC[CH]O,CCCCO,[O]O
rxn_399,OO,[CH2]CC(C)O,CCC(C)O,[O]O
rxn_400,OO,C[CH]C(C)O,CCC(C)O,[O]O
rxn_401,OO,CC[C](C)O,CCC(C)O,[O]O
rxn_403,OO,[CH2]C(C)(C)O,CC(C)(C)O,[O]O
rxn_405,C=O,[CH2]C(=C)C,C=C(C)C,[CH]=O
rxn_406,C[C](C)CO,CCC,CC(C)CO,C[CH]C
rxn_407,CC(C)CO,C[CH]C,CCC,CC(C)[CH]O
rxn_409,C[C](C)CO,C=C(C)C,CC(C)CO,[CH2]C(=C)C
rxn_410,CC(C)[CH]O,C=C(C)C,CC(C)CO,[CH2]C(=C)C
rxn_413,C[C](C)CO,C=CC,CC(C)CO,[CH2]C=C
rxn_414,CC(C)[CH]O,C=CC,CC(C)CO,[CH2]C=C
rxn_415,C=CC,CC(C)C[O],CC(C)CO,[CH2]C=C
rxn_417,CC(C)CO,C[CH2],CC,C[C](C)CO
rxn_418,CC(C)CO,C[CH2],CC,CC(C)[CH]O
rxn_419,CC(C)C[O],CC,CC(C)CO,C[CH2]
rxn_420,[CH]=C,CC(C)CO,C=C,C[C](C)CO
rxn_422,CC(C)CO,C=[C]C,C=CC,CC(C)[CH]O
rxn_424,CC(C)CO,C[CH]C=O,CCC=O,C[C](C)CO
rxn_425,CC(C)CO,C[CH]C=O,CCC=O,CC(C)[CH]O
rxn_426,[H],CC(C)C=O,[H][H],C[C](C)C=O
rxn_428,[O]O,C=CC,OO,[CH2]C=C
rxn_429,[O]O,CC=CC,OO,[CH2]C=CC
rxn_430,OO,C=[C]C,C=CC,[O]O
rxn_431,OO,C[C]=CC,CC=CC,[O]O
rxn_432,[O]O,C=CCC,OO,C=C[CH]C
rxn_433,[O]O,C=CCC,OO,C=C[CH]C
rxn_434,OO,[CH]=C,C=C,[O]O
rxn_435,OO,[CH]=CCC,C=CCC,[O]O
rxn_437,OO,CC=C[O],CC=CO,[O]O
rxn_438,OO,C=C[O],C=CO,[O]O
rxn_439,OO,CO[O],COO,[O]O
rxn_440,C=CCC,CO[O],COO,C=C[CH]C
rxn_441,OO,[CH2]C=C,C=CC,[O]O
rxn_443,[OH],Cc1ccccc1,O,[CH2]c1ccccc1
rxn_445,[O]O,CCc1ccccc1,OO,C[CH]c1ccccc1
rxn_448,CCc1ccccc1,[O][O],[O]O,C[CH]c1ccccc1
rxn_450,CCOO,C[CH]C,CCC,CCO[O]
rxn_452,CCOO,C[CH2],CC,CCO[O]
rxn_453,CC(C)OO,C[CH2],CC,CC(C)O[O]
rxn_456,CCOO,C[C]=O,CC=O,CCO[O]
rxn_458,CCOO,C[CH]C=O,CCC=O,CCO[O]
rxn_460,CCOO,[CH2]C=O,CC=O,CCO[O]
rxn_461,CC(C)OO,[CH2]C=O,CC=O,CC(C)O[O]
rxn_463,C[CH2],CC=S,CC,C[C]=S
rxn_464,[SH],CCC=S,S,C[CH]C=S
rxn_465,[CH3],CCC=S,C,C[CH]C=S
rxn_466,SCC=C,C[S],CS,S[CH]C=C
rxn_467,[H],CO,[H][H],C[O]
rxn_468,CC(C)CO,C[CH]C,CCC,C[C](C)CO
rxn_471,[OH],S,O,[SH]
rxn_472,[OH],CS,O,C[S]
rxn_473,CS,C[O],CO,C[S]
rxn_474,S,C[O],CO,[SH]
rxn_475,C[CH]S,CC=O,CCS,C[C]=O
rxn_476,CC(S)O,[CH3],C,C[C](S)O
rxn_477,SC=O,[CH3],C,[S]C=O
rxn_478,[SH],CC(S)O,S,C[C](S)O
rxn_479,[SH],CC=O,S,C[C]=O
rxn_480,[SH],C=CO,S,C=C[O]
rxn_481,C=CO,C[S],CS,C=C[O]
rxn_482,[NH2],CC,N,C[CH2]
rxn_483,[CH3],C1CC2CCC1C2,C,[CH]1CC2CCC1C2
rxn_484,[NH2],CCC,N,C[CH]C
rxn_485,C[CH2],C1CC2CCC1C2,CC,[CH]1CC2CCC1C2
rxn_486,[NH2],CC(C)C,N,C[C](C)C
rxn_487,C[CH]C,C1CC2CCC1C2,CCC,[CH]1CC2CCC1C2
rxn_488,[H],N,[H][H],[NH2]
rxn_490,N,[O],[OH],[NH2]
rxn_491,[CH2]C=C,C1CC2CCC1C2,C=CC,[CH]1CC2CCC1C2
rxn_492,[OH],N,O,[NH2]
rxn_494,[CH3],N,C,[NH2]
rxn_547,[CH2]c1ccccc1,C1CC2CCC1C2,Cc1ccccc1,[CH]1C2CCC1CC2
rxn_548,C[CH]c1ccccc1,C1CC2CCC1C2,CCc1ccccc1,[CH]1C2CCC1CC2
rxn_549,C[C](C)c1ccccc1,C1CC2CCC1C2,CC(C)c1ccccc1,[CH]1C2CCC1CC2
rxn_550,[CH]=C,C1CC2CCC1C2,C=C,[CH]1C2CCC1CC2
rxn_551,C=[C]C,C1CC2CCC1C2,C=CC,[CH]1C2CCC1CC2
rxn_552,C=[C]C=C,C1CC2CCC1C2,C=CC=C,[CH]1C2CCC1CC2
rxn_553,[c]1ccccc1,C1CC2CCC1C2,c1ccccc1,[CH]1C2CCC1CC2
rxn_554,C#C[C]=C,C1CC2CCC1C2,C#CC=C,[CH]1C2CCC1CC2
rxn_555,[CH3],C1CC2CCCC2C1,C,C1C[C]2CCCC2C1
rxn_556,C[CH2],C1CC2CCCC2C1,CC,C1C[C]2CCCC2C1
rxn_557,C[CH]C,C1CC2CCCC2C1,CCC,C1C[C]2CCCC2C1
rxn_559,[CH2]C=C,C1CC2CCCC2C1,C=CC,C1C[C]2CCCC2C1
rxn_560,C=C[CH]C,C1CC2CCCC2C1,C=CCC,C1C[C]2CCCC2C1
rxn_561,C=C[C](C)C,C1CC2CCCC2C1,C=CC(C)C,C1C[C]2CCCC2C1
rxn_562,C=C[CH]C=C,C1CC2CCCC2C1,C=CCC=C,C1C[C]2CCCC2C1
rxn_563,C=C[C](C)C=C,C1CC2CCCC2C1,C=CC(C)C=C,C1C[C]2CCCC2C1
rxn_565,C#C[CH]C,C1CC2CCCC2C1,C#CCC,C1C[C]2CCCC2C1
rxn_566,C#C[C](C)C,C1CC2CCCC2C1,C#CC(C)C,C1C[C]2CCCC2C1
rxn_567,C#C[CH]C#C,C1CC2CCCC2C1,C#CCC#C,C1C[C]2CCCC2C1
rxn_568,C#C[C](C)C#C,C1CC2CCCC2C1,C#CC(C)C#C,C1C[C]2CCCC2C1
rxn_569,[CH2]c1ccccc1,C1CC2CCCC2C1,Cc1ccccc1,C1C[C]2CCCC2C1
rxn_570,C[CH]c1ccccc1,C1CC2CCCC2C1,CCc1ccccc1,C1C[C]2CCCC2C1
rxn_571,C[C](C)c1ccccc1,C1CC2CCCC2C1,CC(C)c1ccccc1,C1C[C]2CCCC2C1
rxn_572,[CH]=C,C1CC2CCCC2C1,C=C,C1C[C]2CCCC2C1
rxn_573,C=[C]C,C1CC2CCCC2C1,C=CC,C1C[C]2CCCC2C1
rxn_574,C=[C]C=C,C1CC2CCCC2C1,C=CC=C,C1C[C]2CCCC2C1
rxn_575,[c]1ccccc1,C1CC2CCCC2C1,c1ccccc1,C1C[C]2CCCC2C1
rxn_576,C#C[C]=C,C1CC2CCCC2C1,C#CC=C,C1C[C]2CCCC2C1
rxn_577,[CH3],C1CCC2CCCC2C1,C,[CH]1CCC2CCCCC12
rxn_578,C[CH2],C1CCC2CCCC2C1,CC,[CH]1CCC2CCCCC12
rxn_581,[CH2]C=C,C1CCC2CCCC2C1,C=CC,[CH]1CCC2CCCCC12
rxn_582,C=C[CH]C,C1CCC2CCCC2C1,C=CCC,[CH]1CCC2CCCCC12
rxn_586,C#C[CH2],C1CCC2CCCC2C1,C#CC,[CH]1CCC2CCCCC12
rxn_590,C#C[C](C)C#C,C1CCC2CCCC2C1,C#CC(C)C#C,[CH]1CCC2CCCCC12
rxn_594,[CH]=C,C1CCC2CCCC2C1,C=C,[CH]1CCC2CCCCC12
rxn_595,C=[C]C,C1CCC2CCCC2C1,C=CC,[CH]1CCC2CCCCC12
rxn_596,C=[C]C=C,C1CCC2CCCC2C1,C=CC=C,[CH]1CCC2CCCCC12
rxn_599,[CH3],C1CCC2CCCC2C1,C,[CH]1CC2CCCCC2C1
rxn_600,C[CH2],C1CCC2CCCC2C1,CC,[CH]1CC2CCCCC2C1
rxn_601,C[CH]C,C1CCC2CCCC2C1,CCC,[CH]1CC2CCCCC2C1
rxn_602,C[C](C)C,C1CCC2CCCC2C1,CC(C)C,[CH]1CC2CCCCC2C1
rxn_604,C=C[CH]C,C1CCC2CCCC2C1,C=CCC,[CH]1CC2CCCCC2C1
rxn_605,C=C[C](C)C,C1CCC2CCCC2C1,C=CC(C)C,[CH]1CC2CCCCC2C1
rxn_606,C=C[CH]C=C,C1CCC2CCCC2C1,C=CCC=C,[CH]1CC2CCCCC2C1
rxn_607,C=C[C](C)C=C,C1CCC2CCCC2C1,C=CC(C)C=C,[CH]1CC2CCCCC2C1
rxn_610,C#C[C](C)C,C1CCC2CCCC2C1,C#CC(C)C,[CH]1CC2CCCCC2C1
rxn_611,C#C[CH]C#C,C1CCC2CCCC2C1,C#CCC#C,[CH]1CC2CCCCC2C1
rxn_612,C#C[C](C)C#C,C1CCC2CCCC2C1,C#CC(C)C#C,[CH]1CC2CCCCC2C1
rxn_613,[CH2]c1ccccc1,C1CCC2CCCC2C1,Cc1ccccc1,[CH]1CC2CCCCC2C1
rxn_614,C[CH]c1ccccc1,C1CCC2CCCC2C1,CCc1ccccc1,[CH]1CC2CCCCC2C1
rxn_615,C[C](C)c1ccccc1,C1CCC2CCCC2C1,CC(C)c1ccccc1,[CH]1CC2CCCCC2C1
rxn_616,[CH]=C,C1CCC2CCCC2C1,C=C,[CH]1CC2CCCCC2C1
rxn_617,C=[C]C,C1CCC2CCCC2C1,C=CC,[CH]1CC2CCCCC2C1
rxn_618,C=[C]C=C,C1CCC2CCCC2C1,C=CC=C,[CH]1CC2CCCCC2C1
rxn_619,[c]1ccccc1,C1CCC2CCCC2C1,c1ccccc1,[CH]1CC2CCCCC2C1
rxn_621,[H],N,[H][H],[NH2]
rxn_622,[OH],N,O,[NH2]
rxn_623,N,[O],[OH],[NH2]
rxn_624,[H],[NH2],[H][H],[NH]
rxn_625,[NH2],[O],[OH],[NH]
rxn_626,[OH],[NH2],O,[NH]
rxn_628,[NH2],[CH3],C,[NH]
rxn_629,[NH2],[CH3],N,[CH2]
rxn_631,[NH],[NH2],N,[N]
rxn_632,[OH],[NH],O,[N]
rxn_633,[H],[NH],[H][H],[N]
rxn_634,[NH],[O],[OH],[N]
rxn_635,[NH],[CH3],C,[N]
rxn_636,[H],N=N,[H][H],[N]=N
rxn_637,N=N,[O],[OH],[N]=N
rxn_638,[OH],N=N,O,[N]=N
rxn_639,[NH2],N=N,N,[N]=N
rxn_640,N=N,[CH3],C,[N]=N
rxn_641,[NH],N=N,[NH2],[N]=N
rxn_645,[H],NN,[H][H],[NH]N
rxn_646,NN,[O],[OH],[NH]N
rxn_647,[OH],NN,O,[NH]N
rxn_648,[CH3],NN,C,[NH]N
rxn_649,[NH2],NN,N,[NH]N
rxn_652,N=O,[O],[OH],[N]=O
rxn_654,N=O,[O][O],[O]O,[N]=O
rxn_656,[H],ON=C,[H][H],[O]N=C
rxn_657,ON=C,[O],[OH],[O]N=C
rxn_658,[OH],ON=C,O,[O]N=C
rxn_659,ON=C,[CH3],C,[O]N=C
rxn_660,[NH2],ON=C,N,[O]N=C
rxn_661,[OH],C#N,O,[C]#N
rxn_663,[H][H],[C]#N,C#N,[H]
rxn_664,O,[C]#N,C#N,[OH]
rxn_666,N,[C]#N,C#N,[NH2]
rxn_667,[H],C=N,[H][H],C=[N]
rxn_668,C=N,[O],[OH],C=[N]
rxn_669,[OH],C=N,O,C=[N]
rxn_670,C=N,[CH3],C,C=[N]
rxn_671,[NH2],C=N,N,C=[N]
rxn_672,[H],C=N,[H][H],[CH]=N
rxn_673,C=N,[O],[OH],[CH]=N
rxn_674,[OH],C=N,O,[CH]=N
rxn_675,C=N,[CH3],C,[CH]=N
rxn_676,[NH2],C=N,N,[CH]=N
rxn_677,[H],CN,[H][H],[CH2]N
rxn_679,[OH],CN,O,[CH2]N
rxn_680,[CH3],CN,C,[CH2]N
rxn_681,[NH2],CN,N,[CH2]N
rxn_682,[H],CN,[H][H],C[NH]
rxn_683,CN,[O],[OH],C[NH]
rxn_684,[OH],CN,O,C[NH]
rxn_685,[CH3],CN,C,C[NH]
rxn_686,[NH2],CN,N,C[NH]
rxn_687,[H][H],[N]=C=O,N=C=O,[H]
rxn_688,C,[N]=C=O,N=C=O,[CH3]
rxn_689,N,[N]=C=O,N=C=O,[NH2]
rxn_690,[H],C=CO,[H][H],C=C[O]
rxn_691,C=CO,[O],[OH],C=C[O]
rxn_692,[OH],C=CO,O,C=C[O]
rxn_693,C=CO,[CH3],C,C=C[O]
rxn_694,[NH2],C=CO,N,C=C[O]
rxn_695,[OH],N=C=O,O,[N]=C=O
rxn_696,[H],N=C=O,[H][H],[N]=C=O
rxn_697,N=C=O,[O],[OH],[N]=C=O
rxn_698,N=C=O,[CH3],C,[N]=C=O
rxn_699,[NH2],N=C=O,N,[N]=C=O
rxn_701,[H],CN=C,[H][H],[CH2]N=C
rxn_702,CN=C,[O],[OH],[CH2]N=C
rxn_703,[OH],CN=C,O,[CH2]N=C
rxn_704,[CH3],CN=C,C,[CH2]N=C
rxn_705,[NH2],CN=C,N,[CH2]N=C
rxn_706,[H],NO,[H][H],[NH]O
rxn_707,NO,[O],[OH],[NH]O
rxn_708,[OH],NO,O,[NH]O
rxn_709,NO,[CH3],C,[NH]O
rxn_710,[NH2],NO,N,[NH]O
rxn_711,[O]O,NO,OO,[NH]O
rxn_712,[H],NO,[H][H],N[O]
rxn_713,NO,[O],[OH],N[O]
rxn_714,[OH],NO,O,N[O]
rxn_715,NO,[CH3],C,N[O]
rxn_716,[NH2],NO,N,N[O]
rxn_717,[O]O,NO,OO,N[O]
rxn_718,[H],NN=C,[H][H],[NH]N=C
rxn_719,NN=C,[O],[OH],[NH]N=C
rxn_720,[OH],NN=C,O,[NH]N=C
rxn_721,[CH3],NN=C,C,[NH]N=C
rxn_722,[NH2],NN=C,N,[NH]N=C
rxn_723,[O]O,NN=C,OO,[NH]N=C
rxn_724,[O]O,NN,OO,[NH]N
rxn_725,[OH],C1CC2CCC1C2,O,[CH]1CC2CCC1C2
rxn_726,[OH],C1CC2CCC1C2,O,C1CC2CC[C]1C2
rxn_727,[OH],C1CC2CCC1C2,O,[CH]1C2CCC1CC2
rxn_728,[OH],C1CC2CCCC2C1,O,C1C[C]2CCCC2C1
rxn_729,[OH],C1CCC2CCCC2C1,O,[CH]1CCC2CCCCC12
rxn_730,[OH],C1CCC2CCCC2C1,O,[CH]1CC2CCCCC2C1
rxn_731,[H],C1CC2CCC1C2,[H][H],[CH]1CC2CCC1C2
rxn_732,[H],C1CC2CCC1C2,[H][H],C1CC2CC[C]1C2
rxn_733,[H],C1CC2CCC1C2,[H][H],[CH]1C2CCC1CC2
rxn_734,[H],C1CC2CCCC2C1,[H][H],C1C[C]2CCCC2C1
rxn_735,[H],C1CCC2CCCC2C1,[H][H],[CH]1CCC2CCCCC12
rxn_736,[H],C1CCC2CCCC2C1,[H][H],[CH]1CC2CCCCC2C1
rxn_738,C=CC,C1C[C]2CCCC2C1,C1CC2CCCC2C1,[CH2]C=C
rxn_739,C=CC,[CH]1CCC2CCCCC12,C1CCC2CCCC2C1,[CH2]C=C
rxn_740,C=CC,[CH]1CC2CCCCC2C1,C1CCC2CCCC2C1,[CH2]C=C
rxn_741,C=CC,[CH]1C2CCC1CC2,C1CC2CCC1C2,[CH2]C=C
rxn_742,C=CC,C1CC2CC[C]1C2,C1CC2CCC1C2,[CH2]C=C
rxn_743,C=CCC=C,[CH]1CC2CCC1C2,C1CC2CCC1C2,C=C[CH]C=C
rxn_744,C=CCC=C,C1C[C]2CCCC2C1,C1CC2CCCC2C1,C=C[CH]C=C
rxn_745,C=CCC=C,[CH]1CCC2CCCCC12,C1CCC2CCCC2C1,C=C[CH]C=C
rxn_746,C=CCC=C,[CH]1CC2CCCCC2C1,C1CCC2CCCC2C1,C=C[CH]C=C
rxn_747,C=CCC=C,C1CC2CC[C]1C2,C1CC2CCC1C2,C=C[CH]C=C
rxn_748,C=CCC=C,[CH]1C2CCC1CC2,C1CC2CCC1C2,C=C[CH]C=C
rxn_749,[H],CC(C)O,[H][H],[CH2]C(C)O
rxn_750,[H],CC(C)O,[H][H],C[C](C)O
rxn_751,CC(C)O,[CH3],C,[CH2]C(C)O
rxn_752,CC(C)O,[CH3],C,C[C](C)O
rxn_753,[H],C=CCC,[H][H],C=C[CH]C
rxn_754,[CH3],C=CCC,C,C=C[CH]C
rxn_755,[H],C=CC,[H][H],[CH2]C=C
rxn_757,[CH3],C=CC,C,[CH2]C=C
rxn_758,[CH3],CC=CC,C,[CH2]C=CC
rxn_759,[H],C=C(C)C,[H][H],[CH2]C(=C)C
rxn_760,[CH3],C=C(C)C,C,[CH2]C(=C)C
rxn_761,C=CC,C[CH2],CC,C=[C]C
rxn_762,C=CC,C[CH]C,CCC,C=[C]C
rxn_764,[OH],CCO,O,C[CH]O
rxn_765,[OH],CC(C)CO,O,C[C](C)CO
rxn_766,[H],CO,[H][H],C[O]
rxn_767,[H],CCO,[H][H],C[CH]O
rxn_768,[H],CC(C)CO,[H][H],C[C](C)CO
rxn_769,[H],CC,[H][H],C[CH2]
rxn_770,[CH3],CC,C,C[CH2]
rxn_771,CC(C)CO,[CH3],C,C[C](C)CO
rxn_772,CC(C)CCO,[CH3],C,C[C](C)CCO
rxn_773,CCO,[CH3],C,C[CH]O
rxn_774,[CH]=C,CC,C=C,C[CH2]
rxn_775,[CH]=C,CCO,C=C,C[CH]O
rxn_776,CC(C)CO,[O],[OH],C[C](C)CO
rxn_777,CC(C)CO,[O],[OH],CC(C)[CH]O
rxn_778,OO,C[CH2],CC,[O]O
rxn_779,OO,C[C](C)CO,CC(C)CO,[O]O
rxn_780,OO,C[CH]O,CCO,[O]O
rxn_781,CCCO,[O],[OH],C[CH]CO
rxn_782,[OH],CCCO,O,C[CH]CO
rxn_783,[OH],CCCCO,O,C[CH]CCO
rxn_784,CCCCO,[O],[OH],C[CH]CCO
rxn_785,[H][H],[CH3],C,[H]
rxn_786,[H][H],C[CH2],CC,[H]
rxn_787,[H][H],C[CH]C,CCC,[H]
rxn_790,[H][H],C=C[CH]C,C=CCC,[H]
rxn_791,[H][H],C=C[C](C)C,C=CC(C)C,[H]
rxn_792,[H][H],C=C[CH]C=C,C=CCC=C,[H]
rxn_793,[H][H],C=C[C](C)C=C,C=CC(C)C=C,[H]
rxn_795,[H][H],C#C[CH]C,C#CCC,[H]
rxn_796,[H][H],C#C[C](C)C,C#CC(C)C,[H]
rxn_797,[H][H],C#C[CH]C#C,C#CCC#C,[H]
rxn_798,[H][H],C#C[C](C)C#C,C#CC(C)C#C,[H]
rxn_799,[H][H],[CH2]c1ccccc1,Cc1ccccc1,[H]
rxn_801,[H][H],C[C](C)c1ccccc1,CC(C)c1ccccc1,[H]
rxn_803,[H][H],C=[C]C=C,C=CC=C,[H]
rxn_805,[H][H],C#C[C]=C,C#CC=C,[H]
rxn_806,[H][H],[CH2]S,CS,[H]
rxn_807,[H][H],C[CH]S,CCS,[H]
rxn_810,[H][H],C[CH]C=S,CCC=S,[H]
rxn_813,[H][H],C=[C]C=S,C=CC=S,[H]
rxn_814,[H][H],S[CH]C=C,SCC=C,[H]
rxn_816,[H][H],S[CH]C=S,SCC=S,[H]
rxn_817,[H][H],C[C](C=S)S,CC(C=S)S,[H]
rxn_818,[H][H],S[CH]C#C,SCC#C,[H]
rxn_819,[H][H],C[C](C#C)S,CC(C#C)S,[H]
rxn_824,[H][H],S[C]=S,SC=S,[H]
rxn_825,[H][H],C=C[C]=S,C=CC=S,[H]
rxn_827,[H],C,[H][H],[CH3]
rxn_829,[CH2]C=C,C,C=CC,[CH3]
rxn_830,C=C[CH]C,C,C=CCC,[CH3]
rxn_831,C=C[C](C)C,C,C=CC(C)C,[CH3]
rxn_833,C=C[C](C)C=C,C,C=CC(C)C=C,[CH3]
rxn_835,C#C[CH]C,C,C#CCC,[CH3]
rxn_836,C#C[C](C)C,C,C#CC(C)C,[CH3]
rxn_837,C#C[CH]C#C,C,C#CCC#C,[CH3]
rxn_838,C#C[C](C)C#C,C,C#CC(C)C#C,[CH3]
rxn_839,[CH2]c1ccccc1,C,Cc1ccccc1,[CH3]
rxn_840,C[CH]c1ccccc1,C,CCc1ccccc1,[CH3]
rxn_841,C[C](C)c1ccccc1,C,CC(C)c1ccccc1,[CH3]
rxn_842,[CH]=C,C,C=C,[CH3]
rxn_843,C=[C]C,C,C=CC,[CH3]
rxn_844,C=[C]C=C,C,C=CC=C,[CH3]
rxn_846,[CH2]S,C,CS,[CH3]
rxn_847,C#C[C]=C,C,C#CC=C,[CH3]
rxn_848,C[CH]S,C,CCS,[CH3]
rxn_849,C[C](S)C,C,CC(S)C,[CH3]
rxn_850,[CH2]C=S,C,CC=S,[CH3]
rxn_851,C[CH]C=S,C,CCC=S,[CH3]
rxn_852,S=C[C](C)C,C,S=CC(C)C,[CH3]
rxn_854,C=[C]C=S,C,C=CC=S,[CH3]
rxn_855,S[CH]C=C,C,SCC=C,[CH3]
rxn_856,C[C](C=C)S,C,CC(C=C)S,[CH3]
rxn_857,S[CH]C=S,C,SCC=S,[CH3]
rxn_858,C[C](C=S)S,C,CC(C=S)S,[CH3]
rxn_859,S[CH]C#C,C,SCC#C,[CH3]
rxn_860,C[C](C#C)S,C,CC(C#C)S,[CH3]
rxn_864,C,C[C]=S,CC=S,[CH3]
rxn_865,S[C]=S,C,SC=S,[CH3]
rxn_866,C=C[C]=S,C,C=CC=S,[CH3]
rxn_867,S=[C]C#C,C,S=CC#C,[CH3]
rxn_868,C[CH]C,CC,CCC,C[CH2]
rxn_869,C[C](C)C,CC,CC(C)C,C[CH2]
rxn_870,[CH2]C=C,CC,C=CC,C[CH2]
rxn_871,C=C[CH]C,CC,C=CCC,C[CH2]
rxn_872,C=C[C](C)C,CC,C=CC(C)C,C[CH2]
rxn_873,C=C[CH]C=C,CC,C=CCC=C,C[CH2]
rxn_874,C=C[C](C)C=C,CC,C=CC(C)C=C,C[CH2]
rxn_876,C#C[CH]C,CC,C#CCC,C[CH2]
rxn_877,C#C[C](C)C,CC,C#CC(C)C,C[CH2]
rxn_878,C#C[CH]C#C,CC,C#CCC#C,C[CH2]
rxn_879,C#C[C](C)C#C,CC,C#CC(C)C#C,C[CH2]
rxn_880,[CH2]c1ccccc1,CC,Cc1ccccc1,C[CH2]
rxn_881,C[CH]c1ccccc1,CC,CCc1ccccc1,C[CH2]
rxn_883,[CH]=C,CC,C=C,C[CH2]
rxn_884,C=[C]C,CC,C=CC,C[CH2]
rxn_885,C=[C]C=C,CC,C=CC=C,C[CH2]
rxn_886,C#C[C]=C,CC,C#CC=C,C[CH2]
rxn_887,[CH2]S,CC,CS,C[CH2]
rxn_889,C[CH]S,CC,CCS,C[CH2]
rxn_890,C[C](S)C,CC,CC(S)C,C[CH2]
rxn_891,[CH2]C=S,CC,CC=S,C[CH2]
rxn_892,C[CH]C=S,CC,CCC=S,C[CH2]
rxn_893,S=C[C](C)C,CC,S=CC(C)C,C[CH2]
rxn_895,C=[C]C=S,CC,C=CC=S,C[CH2]
rxn_896,S[CH]C=C,CC,SCC=C,C[CH2]
rxn_897,C[C](C=C)S,CC,CC(C=C)S,C[CH2]
rxn_898,S[CH]C=S,CC,SCC=S,C[CH2]
rxn_899,C[C](C=S)S,CC,CC(C=S)S,C[CH2]
rxn_900,S[CH]C#C,CC,SCC#C,C[CH2]
rxn_901,C[C](C#C)S,CC,CC(C#C)S,C[CH2]
rxn_905,C[C]=S,CC,CC=S,C[CH2]
rxn_906,S[C]=S,CC,SC=S,C[CH2]
rxn_907,C=C[C]=S,CC,C=CC=S,C[CH2]
rxn_908,S=[C]C#C,CC,S=CC#C,C[CH2]
rxn_909,[H],CCC,[H][H],C[CH]C
rxn_910,[CH3],CCC,C,C[CH]C
rxn_911,C[CH2],CCC,CC,C[CH]C
rxn_912,C[C](C)C,CCC,CC(C)C,C[CH]C
rxn_913,[CH2]C=C,CCC,C=CC,C[CH]C
rxn_914,C=C[CH]C,CCC,C=CCC,C[CH]C
rxn_915,C=C[C](C)C,CCC,C=CC(C)C,C[CH]C
rxn_916,C=C[CH]C=C,CCC,C=CCC=C,C[CH]C
rxn_917,C=C[C](C)C=C,CCC,C=CC(C)C=C,C[CH]C
rxn_919,C#C[CH]C,CCC,C#CCC,C[CH]C
rxn_920,C#C[C](C)C,CCC,C#CC(C)C,C[CH]C
rxn_921,C#C[CH]C#C,CCC,C#CCC#C,C[CH]C
rxn_922,C#C[C](C)C#C,CCC,C#CC(C)C#C,C[CH]C
rxn_924,C[CH]c1ccccc1,CCC,CCc1ccccc1,C[CH]C
rxn_926,C=[C]C,CCC,C=CC,C[CH]C
rxn_927,C=[C]C=C,CCC,C=CC=C,C[CH]C
rxn_928,[c]1ccccc1,CCC,c1ccccc1,C[CH]C
rxn_929,C#C[C]=C,CCC,C#CC=C,C[CH]C
rxn_930,[CH2]S,CCC,CS,C[CH]C
rxn_931,C[CH]S,CCC,CCS,C[CH]C
rxn_933,C[C](S)C,CCC,CC(S)C,C[CH]C
rxn_934,[CH2]C=S,CCC,CC=S,C[CH]C
rxn_935,C[CH]C=S,CCC,CCC=S,C[CH]C
rxn_936,S=C[C](C)C,CCC,S=CC(C)C,C[CH]C
rxn_938,C=[C]C=S,CCC,C=CC=S,C[CH]C
rxn_940,C[C](C=C)S,CCC,CC(C=C)S,C[CH]C
rxn_943,S[CH]C#C,CCC,SCC#C,C[CH]C
rxn_944,C[C](C#C)S,CCC,CC(C#C)S,C[CH]C
rxn_948,C[C]=S,CCC,CC=S,C[CH]C
rxn_949,S[C]=S,CCC,SC=S,C[CH]C
rxn_950,C=C[C]=S,CCC,C=CC=S,C[CH]C
rxn_954,C[CH2],CC(C)C,CC,C[C](C)C
rxn_956,[CH2]C=C,CC(C)C,C=CC,C[C](C)C
rxn_960,C=C[C](C)C=C,CC(C)C,C=CC(C)C=C,C[C](C)C
rxn_962,C#C[CH]C,CC(C)C,C#CCC,C[C](C)C
rxn_964,C#C[CH]C#C,CC(C)C,C#CCC#C,C[C](C)C
rxn_965,C#C[C](C)C#C,CC(C)C,C#CC(C)C#C,C[C](C)C
rxn_966,[CH2]c1ccccc1,CC(C)C,Cc1ccccc1,C[C](C)C
rxn_969,C=[C]C,CC(C)C,C=CC,C[C](C)C
rxn_971,[c]1ccccc1,CC(C)C,c1ccccc1,C[C](C)C
rxn_973,[CH2]S,CC(C)C,CS,C[C](C)C
rxn_974,C[CH]S,CC(C)C,CCS,C[C](C)C
rxn_978,C[CH]C=S,CC(C)C,CCC=S,C[C](C)C
rxn_979,S=C[C](C)C,CC(C)C,S=CC(C)C,C[C](C)C
rxn_982,S[CH]C=C,CC(C)C,SCC=C,C[C](C)C
rxn_983,C[C](C=C)S,CC(C)C,CC(C=C)S,C[C](C)C
rxn_984,S[CH]C=S,CC(C)C,SCC=S,C[C](C)C
rxn_985,C[C](C=S)S,CC(C)C,CC(C=S)S,C[C](C)C
rxn_987,C[C](C#C)S,CC(C)C,CC(C#C)S,C[C](C)C
rxn_991,C[C]=S,CC(C)C,CC=S,C[C](C)C
rxn_993,C=C[C]=S,CC(C)C,C=CC=S,C[C](C)C
rxn_995,[H],C=CC,[H][H],[CH2]C=C
rxn_996,[CH3],C=CC,C,[CH2]C=C
rxn_997,C=CC,C[CH2],CC,[CH2]C=C
rxn_998,C=CC,C[CH]C,CCC,[CH2]C=C
rxn_999,C=CC,C[C](C)C,CC(C)C,[CH2]C=C
rxn_1000,C=C[CH]C,C=CC,C=CCC,[CH2]C=C
rxn_1001,C=C[C](C)C,C=CC,C=CC(C)C,[CH2]C=C
rxn_1003,C=C[C](C)C=C,C=CC,C=CC(C)C=C,[CH2]C=C
rxn_1005,C#C[CH]C,C=CC,C#CCC,[CH2]C=C
rxn_1006,C#C[C](C)C,C=CC,C#CC(C)C,[CH2]C=C
rxn_1007,C#C[CH]C#C,C=CC,C#CCC#C,[CH2]C=C
rxn_1008,C#C[C](C)C#C,C=CC,C#CC(C)C#C,[CH2]C=C
rxn_1009,C=CC,[CH2]c1ccccc1,Cc1ccccc1,[CH2]C=C
rxn_1011,C=CC,C[C](C)c1ccccc1,CC(C)c1ccccc1,[CH2]C=C
rxn_1012,[CH]=C,C=CC,C=C,[CH2]C=C
rxn_1014,C=[C]C=C,C=CC,C=CC=C,[CH2]C=C
rxn_1015,C=CC,[c]1ccccc1,c1ccccc1,[CH2]C=C
rxn_1016,C#C[C]=C,C=CC,C#CC=C,[CH2]C=C
rxn_1017,[CH2]S,C=CC,CS,[CH2]C=C
rxn_1018,C[CH]S,C=CC,CCS,[CH2]C=C
rxn_1019,C[C](S)C,C=CC,CC(S)C,[CH2]C=C
rxn_1020,C=CC,[CH2]C=S,CC=S,[CH2]C=C
rxn_1023,S=C[C](C)C,C=CC,S=CC(C)C,[CH2]C=C
rxn_1025,C=[C]C=S,C=CC,C=CC=S,[CH2]C=C
rxn_1026,S[CH]C=C,C=CC,SCC=C,[CH2]C=C
rxn_1027,C[C](C=C)S,C=CC,CC(C=C)S,[CH2]C=C
rxn_1028,S[CH]C=S,C=CC,SCC=S,[CH2]C=C
rxn_1029,C[C](C=S)S,C=CC,CC(C=S)S,[CH2]C=C
rxn_1030,S[CH]C#C,C=CC,SCC#C,[CH2]C=C
rxn_1031,C[C](C#C)S,C=CC,CC(C#C)S,[CH2]C=C
rxn_1036,S[C]=S,C=CC,SC=S,[CH2]C=C
rxn_1037,C=CC,C=C[C]=S,C=CC=S,[CH2]C=C
rxn_1039,C=CCC,C[CH2],CC,C=C[CH]C
rxn_1040,C=CCC,C[CH]C,CCC,C=C[CH]C
rxn_1042,[CH2]C=C,C=CCC,C=CC,C=C[CH]C
rxn_1043,C=C[C](C)C,C=CCC,C=CC(C)C,C=C[CH]C
rxn_1044,C=C[CH]C=C,C=CCC,C=CCC=C,C=C[CH]C
rxn_1045,C=C[C](C)C=C,C=CCC,C=CC(C)C=C,C=C[CH]C
rxn_1047,C#C[CH]C,C=CCC,C#CCC,C=C[CH]C
rxn_1048,C#C[C](C)C,C=CCC,C#CC(C)C,C=C[CH]C
rxn_1049,C#C[CH]C#C,C=CCC,C#CCC#C,C=C[CH]C
rxn_1050,C#C[C](C)C#C,C=CCC,C#CC(C)C#C,C=C[CH]C
rxn_1052,C=CCC,C[CH]c1ccccc1,CCc1ccccc1,C=C[CH]C
rxn_1053,C=CCC,C[C](C)c1ccccc1,CC(C)c1ccccc1,C=C[CH]C
rxn_1054,[CH]=C,C=CCC,C=C,C=C[CH]C
rxn_1055,C=[C]C,C=CCC,C=CC,C=C[CH]C
rxn_1056,C=[C]C=C,C=CCC,C=CC=C,C=C[CH]C
rxn_1057,C=CCC,[c]1ccccc1,c1ccccc1,C=C[CH]C
rxn_1058,C#C[C]=C,C=CCC,C#CC=C,C=C[CH]C
rxn_1059,[CH2]S,C=CCC,CS,C=C[CH]C
rxn_1060,C[CH]S,C=CCC,CCS,C=C[CH]C
rxn_1061,C[C](S)C,C=CCC,CC(S)C,C=C[CH]C
rxn_1062,[CH2]C=S,C=CCC,CC=S,C=C[CH]C
rxn_1063,C[CH]C=S,C=CCC,CCC=S,C=C[CH]C
rxn_1067,C=[C]C=S,C=CCC,C=CC=S,C=C[CH]C
rxn_1069,C[C](C=C)S,C=CCC,CC(C=C)S,C=C[CH]C
rxn_1070,S[CH]C=S,C=CCC,SCC=S,C=C[CH]C
rxn_1071,C[C](C=S)S,C=CCC,CC(C=S)S,C=C[CH]C
rxn_1072,S[CH]C#C,C=CCC,SCC#C,C=C[CH]C
rxn_1077,C=CCC,C[C]=S,CC=S,C=C[CH]C
rxn_1078,S[C]=S,C=CCC,SC=S,C=C[CH]C
rxn_1079,C=C[C]=S,C=CCC,C=CC=S,C=C[CH]C
rxn_1081,[H],C=CC(C)C,[H][H],C=C[C](C)C
rxn_1082,[CH3],C=CC(C)C,C,C=C[C](C)C
rxn_1083,C=CC(C)C,C[CH2],CC,C=C[C](C)C
rxn_1085,C=CC(C)C,C[C](C)C,CC(C)C,C=C[C](C)C
rxn_1086,C=CC(C)C,[CH2]C=C,C=CC,C=C[C](C)C
rxn_1087,C=CC(C)C,C=C[CH]C,C=CCC,C=C[C](C)C
rxn_1088,C=C[CH]C=C,C=CC(C)C,C=CCC=C,C=C[C](C)C
rxn_1089,C=C[C](C)C=C,C=CC(C)C,C=CC(C)C=C,C=C[C](C)C
rxn_1091,C#C[CH]C,C=CC(C)C,C#CCC,C=C[C](C)C
rxn_1092,C#C[C](C)C,C=CC(C)C,C#CC(C)C,C=C[C](C)C
rxn_1093,C#C[CH]C#C,C=CC(C)C,C#CCC#C,C=C[C](C)C
rxn_1095,C=CC(C)C,[CH2]c1ccccc1,Cc1ccccc1,C=C[C](C)C
rxn_1098,[CH]=C,C=CC(C)C,C=C,C=C[C](C)C
rxn_1099,C=[C]C,C=CC(C)C,C=CC,C=C[C](C)C
rxn_1103,[CH2]S,C=CC(C)C,CS,C=C[C](C)C
rxn_1104,C[CH]S,C=CC(C)C,CCS,C=C[C](C)C
rxn_1105,C[C](S)C,C=CC(C)C,CC(S)C,C=C[C](C)C
rxn_1106,[CH2]C=S,C=CC(C)C,CC=S,C=C[C](C)C
rxn_1110,C#C[C]=C,C=CC(C)C,C#CC=C,C=C[C](C)C
rxn_1111,C=[C]C=S,C=CC(C)C,C=CC=S,C=C[C](C)C
rxn_1113,C[C](C=C)S,C=CC(C)C,CC(C=C)S,C=C[C](C)C
rxn_1114,S[CH]C=S,C=CC(C)C,SCC=S,C=C[C](C)C
rxn_1116,S[CH]C#C,C=CC(C)C,SCC#C,C=C[C](C)C
rxn_1121,C=CC(C)C,C[C]=S,CC=S,C=C[C](C)C
rxn_1122,S[C]=S,C=CC(C)C,SC=S,C=C[C](C)C
rxn_1124,S=[C]C#C,C=CC(C)C,S=CC#C,C=C[C](C)C
rxn_1125,[H],C=CCC=C,[H][H],C=C[CH]C=C
rxn_1126,[CH3],C=CCC=C,C,C=C[CH]C=C
rxn_1127,C=CCC=C,C[CH2],CC,C=C[CH]C=C
rxn_1128,C=CCC=C,C[CH]C,CCC,C=C[CH]C=C
rxn_1130,[CH2]C=C,C=CCC=C,C=CC,C=C[CH]C=C
rxn_1131,C=CCC=C,C=C[CH]C,C=CCC,C=C[CH]C=C
rxn_1133,C=CCC=C,C=C[C](C)C=C,C=CC(C)C=C,C=C[CH]C=C
rxn_1135,C#C[CH]C,C=CCC=C,C#CCC,C=C[CH]C=C
rxn_1136,C#C[C](C)C,C=CCC=C,C#CC(C)C,C=C[CH]C=C
rxn_1138,C#C[C](C)C#C,C=CCC=C,C#CC(C)C#C,C=C[CH]C=C
rxn_1140,C=CCC=C,C[CH]c1ccccc1,CCc1ccccc1,C=C[CH]C=C
rxn_1142,[CH]=C,C=CCC=C,C=C,C=C[CH]C=C
rxn_1143,C=[C]C,C=CCC=C,C=CC,C=C[CH]C=C
rxn_1144,C=[C]C=C,C=CCC=C,C=CC=C,C=C[CH]C=C
rxn_1145,C=CCC=C,[c]1ccccc1,c1ccccc1,C=C[CH]C=C
rxn_1146,C#C[C]=C,C=CCC=C,C#CC=C,C=C[CH]C=C
rxn_1149,C[C](S)C,C=CCC=C,CC(S)C,C=C[CH]C=C
rxn_1151,C[CH]C=S,C=CCC=C,CCC=S,C=C[CH]C=C
rxn_1152,C=CCC=C,S=C[C](C)C,S=CC(C)C,C=C[CH]C=C
rxn_1155,C=[C]C=S,C=CCC=C,C=CC=S,C=C[CH]C=C
rxn_1156,S[CH]C=C,C=CCC=C,SCC=C,C=C[CH]C=C
rxn_1157,C[C](C=C)S,C=CCC=C,CC(C=C)S,C=C[CH]C=C
rxn_1158,S[CH]C=S,C=CCC=C,SCC=S,C=C[CH]C=C
rxn_1159,C[C](C=S)S,C=CCC=C,CC(C=S)S,C=C[CH]C=C
rxn_1165,C=CCC=C,C[C]=S,CC=S,C=C[CH]C=C
rxn_1166,S[C]=S,C=CCC=C,SC=S,C=C[CH]C=C
rxn_1169,[H],C=CC(C)C=C,[H][H],C=C[C](C)C=C
rxn_1170,[CH3],C=CC(C)C=C,C,C=C[C](C)C=C
rxn_1172,C=CC(C)C=C,C[CH]C,CCC,C=C[C](C)C=C
rxn_1173,C=CC(C)C=C,C[C](C)C,CC(C)C,C=C[C](C)C=C
rxn_1174,[CH2]C=C,C=CC(C)C=C,C=CC,C=C[C](C)C=C
rxn_1175,C=CC(C)C=C,C=C[CH]C,C=CCC,C=C[C](C)C=C
rxn_1176,C=CC(C)C=C,C=C[C](C)C,C=CC(C)C,C=C[C](C)C=C
rxn_1177,C=C[CH]C=C,C=CC(C)C=C,C=CCC=C,C=C[C](C)C=C
rxn_1179,C#C[CH]C,C=CC(C)C=C,C#CCC,C=C[C](C)C=C
rxn_1180,C#C[C](C)C,C=CC(C)C=C,C#CC(C)C,C=C[C](C)C=C
rxn_1181,C#C[CH]C#C,C=CC(C)C=C,C#CCC#C,C=C[C](C)C=C
rxn_1182,C#C[C](C)C#C,C=CC(C)C=C,C#CC(C)C#C,C=C[C](C)C=C
rxn_1183,C=CC(C)C=C,[CH2]c1ccccc1,Cc1ccccc1,C=C[C](C)C=C
rxn_1184,C=CC(C)C=C,C[CH]c1ccccc1,CCc1ccccc1,C=C[C](C)C=C
rxn_1185,C=CC(C)C=C,C[C](C)c1ccccc1,CC(C)c1ccccc1,C=C[C](C)C=C
rxn_1186,[CH]=C,C=CC(C)C=C,C=C,C=C[C](C)C=C
rxn_1187,C=[C]C,C=CC(C)C=C,C=CC,C=C[C](C)C=C
rxn_1188,C=[C]C=C,C=CC(C)C=C,C=CC=C,C=C[C](C)C=C
rxn_1189,C=CC(C)C=C,[c]1ccccc1,c1ccccc1,C=C[C](C)C=C
rxn_1190,C#C[C]=C,C=CC(C)C=C,C#CC=C,C=C[C](C)C=C
rxn_1191,[CH2]S,C=CC(C)C=C,CS,C=C[C](C)C=C
rxn_1192,C[CH]S,C=CC(C)C=C,CCS,C=C[C](C)C=C
rxn_1194,C=CC(C)C=C,[CH2]C=S,CC=S,C=C[C](C)C=C
rxn_1195,C[CH]C=S,C=CC(C)C=C,CCC=S,C=C[C](C)C=C
rxn_1196,C=CC(C)C=C,S=C[C](C)C,S=CC(C)C,C=C[C](C)C=C
rxn_1198,C=[C]C=S,C=CC(C)C=C,C=CC=S,C=C[C](C)C=C
rxn_1200,S[CH]C=C,C=CC(C)C=C,SCC=C,C=C[C](C)C=C
rxn_1201,C[C](C=C)S,C=CC(C)C=C,CC(C=C)S,C=C[C](C)C=C
rxn_1202,S[CH]C=S,C=CC(C)C=C,SCC=S,C=C[C](C)C=C
rxn_1203,C[C](C=S)S,C=CC(C)C=C,CC(C=S)S,C=C[C](C)C=C
rxn_1204,S[CH]C#C,C=CC(C)C=C,SCC#C,C=C[C](C)C=C
rxn_1205,C[C](C#C)S,C=CC(C)C=C,CC(C#C)S,C=C[C](C)C=C
rxn_1209,C=CC(C)C=C,C[C]=S,CC=S,C=C[C](C)C=C
rxn_1210,S[C]=S,C=CC(C)C=C,SC=S,C=C[C](C)C=C
rxn_1211,C=CC(C)C=C,C=C[C]=S,C=CC=S,C=C[C](C)C=C
rxn_1213,[H],C#CC,[H][H],C#C[CH2]
rxn_1214,C#CC,[CH3],C,C#C[CH2]
rxn_1215,C#CC,C[CH2],CC,C#C[CH2]
rxn_1216,C#CC,C[CH]C,CCC,C#C[CH2]
rxn_1217,C#CC,C[C](C)C,CC(C)C,C#C[CH2]
rxn_1219,C#CC,C=C[CH]C,C=CCC,C#C[CH2]
rxn_1220,C#CC,C=C[C](C)C,C=CC(C)C,C#C[CH2]
rxn_1221,C#CC,C=C[CH]C=C,C=CCC=C,C#C[CH2]
rxn_1222,C#CC,C=C[C](C)C=C,C=CC(C)C=C,C#C[CH2]
rxn_1223,C#CC,C#C[CH]C,C#CCC,C#C[CH2]
rxn_1224,C#CC,C#C[C](C)C,C#CC(C)C,C#C[CH2]
rxn_1225,C#CC,C#C[CH]C#C,C#CCC#C,C#C[CH2]
rxn_1226,C#CC,C#C[C](C)C#C,C#CC(C)C#C,C#C[CH2]
rxn_1227,C#CC,[CH2]c1ccccc1,Cc1ccccc1,C#C[CH2]
rxn_1228,C#CC,C[CH]c1ccccc1,CCc1ccccc1,C#C[CH2]
rxn_1229,C#CC,C[C](C)c1ccccc1,CC(C)c1ccccc1,C#C[CH2]
rxn_1230,C#CC,[CH]=C,C=C,C#C[CH2]
rxn_1231,C#CC,C=[C]C,C=CC,C#C[CH2]
rxn_1232,C#CC,C=[C]C=C,C=CC=C,C#C[CH2]
rxn_1233,C#CC,[c]1ccccc1,c1ccccc1,C#C[CH2]
rxn_1234,C#C[C]=C,C#CC,C#CC=C,C#C[CH2]
rxn_1235,C#CC,[CH2]S,CS,C#C[CH2]
rxn_1236,C#CC,C[CH]S,CCS,C#C[CH2]
rxn_1237,C#CC,C[C](S)C,CC(S)C,C#C[CH2]
rxn_1238,C#CC,[CH2]C=S,CC=S,C#C[CH2]
rxn_1239,C#CC,C[CH]C=S,CCC=S,C#C[CH2]
rxn_1240,C#CC,S=C[C](C)C,S=CC(C)C,C#C[CH2]
rxn_1242,C#CC,C=[C]C=S,C=CC=S,C#C[CH2]
rxn_1243,C#CC,S[CH]C=C,SCC=C,C#C[CH2]
rxn_1245,C#CC,C[C](C=C)S,CC(C=C)S,C#C[CH2]
rxn_1246,C#CC,S[CH]C=S,SCC=S,C#C[CH2]
rxn_1247,C#CC,C[C](C=S)S,CC(C=S)S,C#C[CH2]
rxn_1248,C#CC,S[CH]C#C,SCC#C,C#C[CH2]
rxn_1249,C#CC,C[C](C#C)S,CC(C#C)S,C#C[CH2]
rxn_1253,C#CC,C[C]=S,CC=S,C#C[CH2]
rxn_1254,S[C]=S,C#CC,SC=S,C#C[CH2]
rxn_1255,C#CC,C=C[C]=S,C=CC=S,C#C[CH2]
rxn_1256,S=[C]C#C,C#CC,S=CC#C,C#C[CH2]
rxn_1257,[H],C#CCC,[H][H],C#C[CH]C
rxn_1258,C#CCC,[CH3],C,C#C[CH]C
rxn_1259,C#CCC,C[CH2],CC,C#C[CH]C
rxn_1260,C#CCC,C[CH]C,CCC,C#C[CH]C
rxn_1262,C#CCC,[CH2]C=C,C=CC,C#C[CH]C
rxn_1263,C#CCC,C=C[CH]C,C=CCC,C#C[CH]C
rxn_1264,C#CCC,C=C[C](C)C,C=CC(C)C,C#C[CH]C
rxn_1265,C#CCC,C=C[CH]C=C,C=CCC=C,C#C[CH]C
rxn_1266,C#CCC,C=C[C](C)C=C,C=CC(C)C=C,C#C[CH]C
rxn_1268,C#CCC,C#C[C](C)C,C#CC(C)C,C#C[CH]C
rxn_1269,C#C[CH]C#C,C#CCC,C#CCC#C,C#C[CH]C
rxn_1270,C#C[C](C)C#C,C#CCC,C#CC(C)C#C,C#C[CH]C
rxn_1271,C#CCC,[CH2]c1ccccc1,Cc1ccccc1,C#C[CH]C
rxn_1272,C#CCC,C[CH]c1ccccc1,CCc1ccccc1,C#C[CH]C
rxn_1273,C#CCC,C[C](C)c1ccccc1,CC(C)c1ccccc1,C#C[CH]C
rxn_1274,C#CCC,[CH]=C,C=C,C#C[CH]C
rxn_1275,C#CCC,C=[C]C,C=CC,C#C[CH]C
rxn_1276,C#CCC,C=[C]C=C,C=CC=C,C#C[CH]C
rxn_1277,C#CCC,[c]1ccccc1,c1ccccc1,C#C[CH]C
rxn_1278,C#C[C]=C,C#CCC,C#CC=C,C#C[CH]C
rxn_1279,C#CCC,[CH2]S,CS,C#C[CH]C
rxn_1280,C#CCC,C[CH]S,CCS,C#C[CH]C
rxn_1281,C#CCC,C[C](S)C,CC(S)C,C#C[CH]C
rxn_1282,C#CCC,[CH2]C=S,CC=S,C#C[CH]C
rxn_1283,C#CCC,C[CH]C=S,CCC=S,C#C[CH]C
rxn_1284,C#CCC,S=C[C](C)C,S=CC(C)C,C#C[CH]C
rxn_1286,C#CCC,C=[C]C=S,C=CC=S,C#C[CH]C
rxn_1287,C#CCC,S[CH]C=C,SCC=C,C#C[CH]C
rxn_1288,C#CCC,C[C](C=C)S,CC(C=C)S,C#C[CH]C
rxn_1290,C#CCC,S[CH]C=S,SCC=S,C#C[CH]C
rxn_1292,C#CCC,S[CH]C#C,SCC#C,C#C[CH]C
rxn_1293,C#CCC,C[C](C#C)S,CC(C#C)S,C#C[CH]C
rxn_1297,C#CCC,C[C]=S,CC=S,C#C[CH]C
rxn_1298,S[C]=S,C#CCC,SC=S,C#C[CH]C
rxn_1299,C#CCC,C=C[C]=S,C=CC=S,C#C[CH]C
rxn_1301,[H],C#CC(C)C,[H][H],C#C[C](C)C
rxn_1302,C#CC(C)C,[CH3],C,C#C[C](C)C
rxn_1303,C#CC(C)C,C[CH2],CC,C#C[C](C)C
rxn_1304,C#CC(C)C,C[CH]C,CCC,C#C[C](C)C
rxn_1306,C#CC(C)C,[CH2]C=C,C=CC,C#C[C](C)C
rxn_1308,C#CC(C)C,C=C[C](C)C,C=CC(C)C,C#C[C](C)C
rxn_1309,C#CC(C)C,C=C[CH]C=C,C=CCC=C,C#C[C](C)C
rxn_1310,C#CC(C)C,C=C[C](C)C=C,C=CC(C)C=C,C#C[C](C)C
rxn_1314,C#C[C](C)C#C,C#CC(C)C,C#CC(C)C#C,C#C[C](C)C
rxn_1316,C#CC(C)C,C[CH]c1ccccc1,CCc1ccccc1,C#C[C](C)C
rxn_1317,C#CC(C)C,C[C](C)c1ccccc1,CC(C)c1ccccc1,C#C[C](C)C
rxn_1318,C#CC(C)C,[CH]=C,C=C,C#C[C](C)C
rxn_1319,C#CC(C)C,C=[C]C,C=CC,C#C[C](C)C
rxn_1320,C#CC(C)C,C=[C]C=C,C=CC=C,C#C[C](C)C
rxn_1321,C#CC(C)C,[c]1ccccc1,c1ccccc1,C#C[C](C)C
rxn_1322,C#CC(C)C,C#C[C]=C,C#CC=C,C#C[C](C)C
rxn_1323,C#CC(C)C,[CH2]S,CS,C#C[C](C)C
rxn_1324,C#CC(C)C,C[CH]S,CCS,C#C[C](C)C
rxn_1325,C#CC(C)C,C[C](S)C,CC(S)C,C#C[C](C)C
rxn_1326,C#CC(C)C,[CH2]C=S,CC=S,C#C[C](C)C
rxn_1327,C#CC(C)C,C[CH]C=S,CCC=S,C#C[C](C)C
rxn_1328,C#CC(C)C,S=C[C](C)C,S=CC(C)C,C#C[C](C)C
rxn_1330,C#CC(C)C,C=[C]C=S,C=CC=S,C#C[C](C)C
rxn_1331,C#CC(C)C,S[CH]C=C,SCC=C,C#C[C](C)C
rxn_1332,C#CC(C)C,C[C](C=C)S,CC(C=C)S,C#C[C](C)C
rxn_1333,C#CC(C)C,S[CH]C=S,SCC=S,C#C[C](C)C
rxn_1336,S[CH]C#C,C#CC(C)C,SCC#C,C#C[C](C)C
rxn_1337,C#CC(C)C,C[C](C#C)S,CC(C#C)S,C#C[C](C)C
rxn_1341,C#CC(C)C,C[C]=S,CC=S,C#C[C](C)C
rxn_1342,C#CC(C)C,S[C]=S,SC=S,C#C[C](C)C
rxn_1345,[H],C#CCC#C,[H][H],C#C[CH]C#C
rxn_1346,C#CCC#C,[CH3],C,C#C[CH]C#C
rxn_1347,C#CCC#C,C[CH2],CC,C#C[CH]C#C
rxn_1348,C#CCC#C,C[CH]C,CCC,C#C[CH]C#C
rxn_1349,C#CCC#C,C[C](C)C,CC(C)C,C#C[CH]C#C
rxn_1350,C#CCC#C,[CH2]C=C,C=CC,C#C[CH]C#C
rxn_1351,C#CCC#C,C=C[CH]C,C=CCC,C#C[CH]C#C
rxn_1352,C#CCC#C,C=C[C](C)C,C=CC(C)C,C#C[CH]C#C
rxn_1353,C#CCC#C,C=C[CH]C=C,C=CCC=C,C#C[CH]C#C
rxn_1354,C#CCC#C,C=C[C](C)C=C,C=CC(C)C=C,C#C[CH]C#C
rxn_1356,C#CCC#C,C#C[CH]C,C#CCC,C#C[CH]C#C
rxn_1357,C#C[C](C)C,C#CCC#C,C#CC(C)C,C#C[CH]C#C
rxn_1358,C#CCC#C,C#C[C](C)C#C,C#CC(C)C#C,C#C[CH]C#C
rxn_1359,C#CCC#C,[CH2]c1ccccc1,Cc1ccccc1,C#C[CH]C#C
rxn_1360,C#CCC#C,C[CH]c1ccccc1,CCc1ccccc1,C#C[CH]C#C
rxn_1361,C#CCC#C,C[C](C)c1ccccc1,CC(C)c1ccccc1,C#C[CH]C#C
rxn_1362,C#CCC#C,[CH]=C,C=C,C#C[CH]C#C
rxn_1363,C#CCC#C,C=[C]C,C=CC,C#C[CH]C#C
rxn_1364,C#CCC#C,C=[C]C=C,C=CC=C,C#C[CH]C#C
rxn_1365,C#CCC#C,[c]1ccccc1,c1ccccc1,C#C[CH]C#C
rxn_1366,C#C[C]=C,C#CCC#C,C#CC=C,C#C[CH]C#C
rxn_1367,C#CCC#C,[CH2]S,CS,C#C[CH]C#C
rxn_1368,C#CCC#C,C[CH]S,CCS,C#C[CH]C#C
rxn_1369,C#CCC#C,C[C](S)C,CC(S)C,C#C[CH]C#C
rxn_1370,C#CCC#C,[CH2]C=S,CC=S,C#C[CH]C#C
rxn_1371,C#CCC#C,C[CH]C=S,CCC=S,C#C[CH]C#C
rxn_1372,C#CCC#C,S=C[C](C)C,S=CC(C)C,C#C[CH]C#C
rxn_1374,C#CCC#C,C=[C]C=S,C=CC=S,C#C[CH]C#C
rxn_1375,C#CCC#C,S[CH]C=C,SCC=C,C#C[CH]C#C
rxn_1376,C#CCC#C,C[C](C=C)S,CC(C=C)S,C#C[CH]C#C
rxn_1377,C#CCC#C,S[CH]C=S,SCC=S,C#C[CH]C#C
rxn_1378,C#CCC#C,C[C](C=S)S,CC(C=S)S,C#C[CH]C#C
rxn_1380,C#CCC#C,S[CH]C#C,SCC#C,C#C[CH]C#C
rxn_1381,C[C](C#C)S,C#CCC#C,CC(C#C)S,C#C[CH]C#C
rxn_1386,C#CCC#C,S[C]=S,SC=S,C#C[CH]C#C
rxn_1387,C#CCC#C,C=C[C]=S,C=CC=S,C#C[CH]C#C
rxn_1389,[H],C#CC(C)C#C,[H][H],C#C[C](C)C#C
rxn_1390,C#CC(C)C#C,[CH3],C,C#C[C](C)C#C
rxn_1391,C#CC(C)C#C,C[CH2],CC,C#C[C](C)C#C
rxn_1392,C#CC(C)C#C,C[CH]C,CCC,C#C[C](C)C#C
rxn_1394,C#CC(C)C#C,[CH2]C=C,C=CC,C#C[C](C)C#C
rxn_1395,C#CC(C)C#C,C=C[CH]C,C=CCC,C#C[C](C)C#C
rxn_1396,C#CC(C)C#C,C=C[C](C)C,C=CC(C)C,C#C[C](C)C#C
rxn_1397,C#CC(C)C#C,C=C[CH]C=C,C=CCC=C,C#C[C](C)C#C
rxn_1398,C#CC(C)C#C,C=C[C](C)C=C,C=CC(C)C=C,C#C[C](C)C#C
rxn_1400,C#CC(C)C#C,C#C[CH]C,C#CCC,C#C[C](C)C#C
rxn_1401,C#CC(C)C#C,C#C[C](C)C,C#CC(C)C,C#C[C](C)C#C
rxn_1402,C#C[CH]C#C,C#CC(C)C#C,C#CCC#C,C#C[C](C)C#C
rxn_1403,C#CC(C)C#C,[CH2]c1ccccc1,Cc1ccccc1,C#C[C](C)C#C
rxn_1404,C#CC(C)C#C,C[CH]c1ccccc1,CCc1ccccc1,C#C[C](C)C#C
rxn_1405,C#CC(C)C#C,C[C](C)c1ccccc1,CC(C)c1ccccc1,C#C[C](C)C#C
rxn_1406,C#CC(C)C#C,[CH]=C,C=C,C#C[C](C)C#C
rxn_1407,C#CC(C)C#C,C=[C]C,C=CC,C#C[C](C)C#C
rxn_1408,C#CC(C)C#C,C=[C]C=C,C=CC=C,C#C[C](C)C#C
rxn_1409,C#CC(C)C#C,[c]1ccccc1,c1ccccc1,C#C[C](C)C#C
rxn_1410,C#CC(C)C#C,C#C[C]=C,C#CC=C,C#C[C](C)C#C
rxn_1411,C#CC(C)C#C,[CH2]S,CS,C#C[C](C)C#C
rxn_1412,C#CC(C)C#C,C[CH]S,CCS,C#C[C](C)C#C
rxn_1413,C#CC(C)C#C,C[C](S)C,CC(S)C,C#C[C](C)C#C
rxn_1414,C#CC(C)C#C,[CH2]C=S,CC=S,C#C[C](C)C#C
rxn_1415,C#CC(C)C#C,C[CH]C=S,CCC=S,C#C[C](C)C#C
rxn_1416,C#CC(C)C#C,S=C[C](C)C,S=CC(C)C,C#C[C](C)C#C
rxn_1418,C#CC(C)C#C,C=[C]C=S,C=CC=S,C#C[C](C)C#C
rxn_1419,C#CC(C)C#C,S[CH]C=C,SCC=C,C#C[C](C)C#C
rxn_1420,C#CC(C)C#C,C[C](C=C)S,CC(C=C)S,C#C[C](C)C#C
rxn_1421,C#CC(C)C#C,S[CH]C=S,SCC=S,C#C[C](C)C#C
rxn_1422,C#CC(C)C#C,C[C](C=S)S,CC(C=S)S,C#C[C](C)C#C
rxn_1423,C#CC(C)C#C,S[CH]C#C,SCC#C,C#C[C](C)C#C
rxn_1425,C[C](C#C)S,C#CC(C)C#C,CC(C#C)S,C#C[C](C)C#C
rxn_1429,C#CC(C)C#C,C[C]=S,CC=S,C#C[C](C)C#C
rxn_1430,C#CC(C)C#C,S[C]=S,SC=S,C#C[C](C)C#C
rxn_1431,C#CC(C)C#C,C=C[C]=S,C=CC=S,C#C[C](C)C#C
rxn_1433,[H],Cc1ccccc1,[H][H],[CH2]c1ccccc1
rxn_1434,[CH3],Cc1ccccc1,C,[CH2]c1ccccc1
rxn_1435,C[CH2],Cc1ccccc1,CC,[CH2]c1ccccc1
rxn_1436,Cc1ccccc1,C[CH]C,CCC,[CH2]c1ccccc1
rxn_1438,[CH2]C=C,Cc1ccccc1,C=CC,[CH2]c1ccccc1
rxn_1439,C=C[CH]C,Cc1ccccc1,C=CCC,[CH2]c1ccccc1
rxn_1440,C=C[C](C)C,Cc1ccccc1,C=CC(C)C,[CH2]c1ccccc1
rxn_1441,C=C[CH]C=C,Cc1ccccc1,C=CCC=C,[CH2]c1ccccc1
rxn_1444,C#C[CH]C,Cc1ccccc1,C#CCC,[CH2]c1ccccc1
rxn_1446,C#C[CH]C#C,Cc1ccccc1,C#CCC#C,[CH2]c1ccccc1
rxn_1447,C#C[C](C)C#C,Cc1ccccc1,C#CC(C)C#C,[CH2]c1ccccc1
rxn_1450,[CH]=C,Cc1ccccc1,C=C,[CH2]c1ccccc1
rxn_1451,C=[C]C,Cc1ccccc1,C=CC,[CH2]c1ccccc1
rxn_1452,C=[C]C=C,Cc1ccccc1,C=CC=C,[CH2]c1ccccc1
rxn_1453,[c]1ccccc1,Cc1ccccc1,c1ccccc1,[CH2]c1ccccc1
rxn_1454,C#C[C]=C,Cc1ccccc1,C#CC=C,[CH2]c1ccccc1
rxn_1455,[CH2]S,Cc1ccccc1,CS,[CH2]c1ccccc1
rxn_1458,[CH2]C=S,Cc1ccccc1,CC=S,[CH2]c1ccccc1
rxn_1462,C=[C]C=S,Cc1ccccc1,C=CC=S,[CH2]c1ccccc1
rxn_1463,S[CH]C=C,Cc1ccccc1,SCC=C,[CH2]c1ccccc1
rxn_1464,C[C](C=C)S,Cc1ccccc1,CC(C=C)S,[CH2]c1ccccc1
rxn_1465,S[CH]C=S,Cc1ccccc1,SCC=S,[CH2]c1ccccc1
rxn_1467,S[CH]C#C,Cc1ccccc1,SCC#C,[CH2]c1ccccc1
rxn_1468,C[C](C#C)S,Cc1ccccc1,CC(C#C)S,[CH2]c1ccccc1
rxn_1476,S=[C]C#C,Cc1ccccc1,S=CC#C,[CH2]c1ccccc1
rxn_1477,[H],CCc1ccccc1,[H][H],C[CH]c1ccccc1
rxn_1478,[CH3],CCc1ccccc1,C,C[CH]c1ccccc1
rxn_1479,C[CH2],CCc1ccccc1,CC,C[CH]c1ccccc1
rxn_1480,CCc1ccccc1,C[CH]C,CCC,C[CH]c1ccccc1
rxn_1485,C=C[CH]C=C,CCc1ccccc1,C=CCC=C,C[CH]c1ccccc1
rxn_1486,C=C[C](C)C=C,CCc1ccccc1,C=CC(C)C=C,C[CH]c1ccccc1
rxn_1488,C#C[CH]C,CCc1ccccc1,C#CCC,C[CH]c1ccccc1
rxn_1489,C#C[C](C)C,CCc1ccccc1,C#CC(C)C,C[CH]c1ccccc1
rxn_1490,C#C[CH]C#C,CCc1ccccc1,C#CCC#C,C[CH]c1ccccc1
rxn_1491,C#C[C](C)C#C,CCc1ccccc1,C#CC(C)C#C,C[CH]c1ccccc1
rxn_1492,[CH2]c1ccccc1,CCc1ccccc1,Cc1ccccc1,C[CH]c1ccccc1
rxn_1494,[CH]=C,CCc1ccccc1,C=C,C[CH]c1ccccc1
rxn_1495,C=[C]C,CCc1ccccc1,C=CC,C[CH]c1ccccc1
rxn_1496,C=[C]C=C,CCc1ccccc1,C=CC=C,C[CH]c1ccccc1
rxn_1498,C#C[C]=C,CCc1ccccc1,C#CC=C,C[CH]c1ccccc1
rxn_1499,[CH2]S,CCc1ccccc1,CS,C[CH]c1ccccc1
rxn_1500,C[CH]S,CCc1ccccc1,CCS,C[CH]c1ccccc1
rxn_1501,C[C](S)C,CCc1ccccc1,CC(S)C,C[CH]c1ccccc1
rxn_1502,[CH2]C=S,CCc1ccccc1,CC=S,C[CH]c1ccccc1
rxn_1503,C[CH]C=S,CCc1ccccc1,CCC=S,C[CH]c1ccccc1
rxn_1504,S=C[C](C)C,CCc1ccccc1,S=CC(C)C,C[CH]c1ccccc1
rxn_1506,C=[C]C=S,CCc1ccccc1,C=CC=S,C[CH]c1ccccc1
rxn_1507,S[CH]C=C,CCc1ccccc1,SCC=C,C[CH]c1ccccc1
rxn_1508,C[C](C=C)S,CCc1ccccc1,CC(C=C)S,C[CH]c1ccccc1
rxn_1510,C[C](C=S)S,CCc1ccccc1,CC(C=S)S,C[CH]c1ccccc1
rxn_1511,S[CH]C#C,CCc1ccccc1,SCC#C,C[CH]c1ccccc1
rxn_1512,C[C](C#C)S,CCc1ccccc1,CC(C#C)S,C[CH]c1ccccc1
rxn_1517,CCc1ccccc1,C[C]=S,CC=S,C[CH]c1ccccc1
rxn_1523,C[CH2],CC(C)c1ccccc1,CC,C[C](C)c1ccccc1
rxn_1525,CC(C)c1ccccc1,C[C](C)C,CC(C)C,C[C](C)c1ccccc1
rxn_1529,C=C[CH]C=C,CC(C)c1ccccc1,C=CCC=C,C[C](C)c1ccccc1
rxn_1547,C[CH]C=S,CC(C)c1ccccc1,CCC=S,C[C](C)c1ccccc1
rxn_1555,S[CH]C#C,CC(C)c1ccccc1,SCC#C,C[C](C)c1ccccc1
rxn_1558,C[C]([C]1[CH][CH][CH][CH][CH]1)S,CC(C)c1ccccc1,CC([C]1[CH][CH][CH][CH][CH]1)S,C[C](C)c1ccccc1
rxn_1561,CC(C)c1ccccc1,C[C]=S,CC=S,C[C](C)c1ccccc1
rxn_1578,C#C[C](C)C#C,C=C,C#CC(C)C#C,[CH]=C
rxn_1581,C=C,C[C](C)c1ccccc1,CC(C)c1ccccc1,[CH]=C
rxn_1586,[CH2]S,C=C,CS,[CH]=C
rxn_1587,C[CH]S,C=C,CCS,[CH]=C
rxn_1588,C[C](S)C,C=C,CC(S)C,[CH]=C
rxn_1589,C=C,[CH2]C=S,CC=S,[CH]=C
rxn_1590,C[CH]C=S,C=C,CCC=S,[CH]=C
rxn_1591,C=C,S=C[C](C)C,S=CC(C)C,[CH]=C
rxn_1592,S[C]=C,C=C,SC=C,[CH]=C
rxn_1593,C=[C]C=S,C=C,C=CC=S,[CH]=C
rxn_1594,S[CH]C=C,C=C,SCC=C,[CH]=C
rxn_1595,C[C](C=C)S,C=C,CC(C=C)S,[CH]=C
rxn_1597,C[C](C=S)S,C=C,CC(C=S)S,[CH]=C
rxn_1598,S[CH]C#C,C=C,SCC#C,[CH]=C
rxn_1599,C[C](C#C)S,C=C,CC(C#C)S,[CH]=C
rxn_1603,C=C,C[C]=S,CC=S,[CH]=C
rxn_1604,C#C[C]=C,C=C,C#CC=C,[CH]=C
rxn_1605,S[C]=S,C=C,SC=S,[CH]=C
rxn_1606,C=C,C=C[C]=S,C=CC=S,[CH]=C
rxn_1607,S=[C]C#C,C=C,S=CC#C,[CH]=C
rxn_1609,C=C[CH]C,C=CC,C=CCC,C=[C]C
rxn_1610,C=C[C](C)C,C=CC,C=CC(C)C,C=[C]C
rxn_1611,C=C[CH]C=C,C=CC,C=CCC=C,C=[C]C
rxn_1614,C#C[CH]C,C=CC,C#CCC,C=[C]C
rxn_1615,C#C[C](C)C,C=CC,C#CC(C)C,C=[C]C
rxn_1616,C#C[CH]C#C,C=CC,C#CCC#C,C=[C]C
rxn_1617,C#C[C](C)C#C,C=CC,C#CC(C)C#C,C=[C]C
rxn_1619,C=CC,C[CH]c1ccccc1,CCc1ccccc1,C=[C]C
rxn_1620,C=CC,C[C](C)c1ccccc1,CC(C)c1ccccc1,C=[C]C
rxn_1621,C=[C]C=C,C=CC,C=CC=C,C=[C]C
rxn_1622,C=CC,[c]1ccccc1,c1ccccc1,C=[C]C
rxn_1623,C#C[C]=C,C=CC,C#CC=C,C=[C]C
rxn_1624,[CH2]S,C=CC,CS,C=[C]C
rxn_1625,C[CH]S,C=CC,CCS,C=[C]C
rxn_1626,C[C](S)C,C=CC,CC(S)C,C=[C]C
rxn_1627,C=CC,[CH2]C=S,CC=S,C=[C]C
rxn_1630,S[C]=C,C=CC,SC=C,C=[C]C
rxn_1631,C=[C]C=S,C=CC,C=CC=S,C=[C]C
rxn_1632,S[CH]C=C,C=CC,SCC=C,C=[C]C
rxn_1633,C[C](C=C)S,C=CC,CC(C=C)S,C=[C]C
rxn_1635,C[C](C=S)S,C=CC,CC(C=S)S,C=[C]C
rxn_1636,S[CH]C#C,C=CC,SCC#C,C=[C]C
rxn_1637,C[C](C#C)S,C=CC,CC(C#C)S,C=[C]C
rxn_1641,C=CC,C[C]=S,CC=S,C=[C]C
rxn_1643,S[C]=S,C=CC,SC=S,C=[C]C
rxn_1644,C=C[C]=S,C=CC,C=CC=S,C=[C]C
rxn_1646,[H],C=CC=C,[H][H],C=[C]C=C
rxn_1647,[CH3],C=CC=C,C,C=[C]C=C
rxn_1648,C=CC=C,C[CH2],CC,C=[C]C=C
rxn_1649,C=CC=C,C[CH]C,CCC,C=[C]C=C
rxn_1650,C=CC=C,C[C](C)C,CC(C)C,C=[C]C=C
rxn_1651,C=CC=C,[CH2]C=C,C=CC,C=[C]C=C
rxn_1652,C=C[CH]C,C=CC=C,C=CCC,C=[C]C=C
rxn_1653,C=CC=C,C=C[C](C)C,C=CC(C)C,C=[C]C=C
rxn_1654,C=C[CH]C=C,C=CC=C,C=CCC=C,C=[C]C=C
rxn_1655,C=CC=C,C=C[C](C)C=C,C=CC(C)C=C,C=[C]C=C
rxn_1657,C#C[CH]C,C=CC=C,C#CCC,C=[C]C=C
rxn_1658,C#C[C](C)C,C=CC=C,C#CC(C)C,C=[C]C=C
rxn_1659,C#C[CH]C#C,C=CC=C,C#CCC#C,C=[C]C=C
rxn_1660,C#C[C](C)C#C,C=CC=C,C#CC(C)C#C,C=[C]C=C
rxn_1661,C=CC=C,[CH2]c1ccccc1,Cc1ccccc1,C=[C]C=C
rxn_1663,C=CC=C,C[C](C)c1ccccc1,CC(C)c1ccccc1,C=[C]C=C
rxn_1664,[CH]=C,C=CC=C,C=C,C=[C]C=C
rxn_1665,C=[C]C,C=CC=C,C=CC,C=[C]C=C
rxn_1666,C=CC=C,[c]1ccccc1,c1ccccc1,C=[C]C=C
rxn_1667,C#C[C]=C,C=CC=C,C#CC=C,C=[C]C=C
rxn_1668,[CH2]S,C=CC=C,CS,C=[C]C=C
rxn_1669,C[CH]S,C=CC=C,CCS,C=[C]C=C
rxn_1670,C[C](S)C,C=CC=C,CC(S)C,C=[C]C=C
rxn_1671,C=CC=C,[CH2]C=S,CC=S,C=[C]C=C
rxn_1683,C[C]([C]1[CH][CH][CH][CH][CH]1)S,C=CC=C,CC([C]1[CH][CH][CH][CH][CH]1)S,C=[C]C=C
rxn_1725,C[C]([C]1[CH][CH][CH][CH][CH]1)S,c1ccccc1,CC([C]1[CH][CH][CH][CH][CH]1)S,[c]1ccccc1
rxn_1786,C#CC=C,C[C]([C]1[CH][CH][CH][CH][CH]1)S,CC([C]1[CH][CH][CH][CH][CH]1)S,C#C[C]=C
rxn_1787,C=C=C,C[C](C)c1ccccc1,CC(C)c1ccccc1,[CH]=C=C
rxn_1789,[CH]=C,C=C=C,C=C,[CH]=C=C
rxn_1791,C=C=C,C=[C]C,C=CC,[CH]=C=C
rxn_1792,S[C]=S,C#CC=C,SC=S,C#C[C]=C
rxn_1793,C=[C]C=C,C=C=C,C=CC=C,[CH]=C=C
rxn_1794,C#CC=C,C=C[C]=S,C=CC=S,C#C[C]=C
rxn_1795,C=C=C,[c]1ccccc1,c1ccccc1,[CH]=C=C
rxn_1796,C#CC=C,S=[C]C#C,S=CC#C,C#C[C]=C
rxn_1797,[H],CS,[H][H],[CH2]S
rxn_1798,C#C[C]=C,C=C=C,C#CC=C,[CH]=C=C
rxn_1799,CS,[CH3],C,[CH2]S
rxn_1800,[CH2]S,C=C=C,CS,[CH]=C=C
rxn_1801,CS,C[CH2],CC,[CH2]S
rxn_1802,C[CH]S,C=C=C,CCS,[CH]=C=C
rxn_1803,CS,C[CH]C,CCC,[CH2]S
rxn_1804,C[C](S)C,C=C=C,CC(S)C,[CH]=C=C
rxn_1805,CS,C[C](C)C,CC(C)C,[CH2]S
rxn_1806,C=C=C,[CH2]C=S,CC=S,[CH]=C=C
rxn_1807,CS,[CH2]C=C,C=CC,[CH2]S
rxn_1808,C=C=C,C[CH]C=S,CCC=S,[CH]=C=C
rxn_1809,CS,C=C[CH]C,C=CCC,[CH2]S
rxn_1810,C=C=C,S=C[C](C)C,S=CC(C)C,[CH]=C=C
rxn_1811,CS,C=C[C](C)C,C=CC(C)C,[CH2]S
rxn_1812,S[C]=C,C=C=C,SC=C,[CH]=C=C
rxn_1813,CS,C=C[CH]C=C,C=CCC=C,[CH2]S
rxn_1814,C=[C]C=S,C=C=C,C=CC=S,[CH]=C=C
rxn_1815,CS,C=C[C](C)C=C,C=CC(C)C=C,[CH2]S
rxn_1816,S[CH]C=C,C=C=C,SCC=C,[CH]=C=C
rxn_1818,C[C](C=C)S,C=C=C,CC(C=C)S,[CH]=C=C
rxn_1819,C#C[CH]C,CS,C#CCC,[CH2]S
rxn_1820,S[CH]C=S,C=C=C,SCC=S,[CH]=C=C
rxn_1821,C#C[C](C)C,CS,C#CC(C)C,[CH2]S
rxn_1822,C[C](C=S)S,C=C=C,CC(C=S)S,[CH]=C=C
rxn_1823,C#C[CH]C#C,CS,C#CCC#C,[CH2]S
rxn_1824,S[CH]C#C,C=C=C,SCC#C,[CH]=C=C
rxn_1825,C#C[C](C)C#C,CS,C#CC(C)C#C,[CH2]S
rxn_1826,C[C](C#C)S,C=C=C,CC(C#C)S,[CH]=C=C
rxn_1827,CS,[CH2]c1ccccc1,Cc1ccccc1,[CH2]S
rxn_1829,CS,C[CH]c1ccccc1,CCc1ccccc1,[CH2]S
rxn_1832,[CH]=S,C=C=C,C=S,[CH]=C=C
rxn_1833,[CH]=C,CS,C=C,[CH2]S
rxn_1834,C=C=C,C[C]=S,CC=S,[CH]=C=C
rxn_1835,CS,C=[C]C,C=CC,[CH2]S
rxn_1836,S[C]=S,C=C=C,SC=S,[CH]=C=C
rxn_1837,CS,C=[C]C=C,C=CC=C,[CH2]S
rxn_1838,C=C=C,C=C[C]=S,C=CC=S,[CH]=C=C
rxn_1839,CS,[c]1ccccc1,c1ccccc1,[CH2]S
rxn_1840,S=[C]C#C,C=C=C,S=CC#C,[CH]=C=C
rxn_1842,[H],C#CC=C,[H][H],C#C[C]=C
rxn_1843,C[CH]S,CS,CCS,[CH2]S
rxn_1844,C[C](S)C,CS,CC(S)C,[CH2]S
rxn_1845,CS,[CH2]C=S,CC=S,[CH2]S
rxn_1848,S[C]=C,CS,SC=C,[CH2]S
rxn_1849,CS,C=[C]C=S,C=CC=S,[CH2]S
rxn_1850,S[CH]C=C,CS,SCC=C,[CH2]S
rxn_1851,C[C](C=C)S,CS,CC(C=C)S,[CH2]S
rxn_1852,S[CH]C=S,CS,SCC=S,[CH2]S
rxn_1854,S[CH]C#C,CS,SCC#C,[CH2]S
rxn_1855,C[C](C#C)S,CS,CC(C#C)S,[CH2]S
rxn_1857,C[C]([C]1[CH][CH][CH][CH][CH]1)S,CS,CC([C]1[CH][CH][CH][CH][CH]1)S,[CH2]S
rxn_1858,[CH]=S,CS,C=S,[CH2]S
rxn_1859,CS,C[C]=S,CC=S,[CH2]S
rxn_1860,S[C]=S,CS,SC=S,[CH2]S
rxn_1861,CS,C=C[C]=S,C=CC=S,[CH2]S
rxn_1862,S=[C]C#C,CS,S=CC#C,[CH2]S
rxn_1863,[H],CCS,[H][H],C[CH]S
rxn_1864,CCS,[CH3],C,C[CH]S
rxn_1865,CCS,C[CH2],CC,C[CH]S
rxn_1866,CCS,C[CH]C,CCC,C[CH]S
rxn_1867,CCS,C[C](C)C,CC(C)C,C[CH]S
rxn_1869,CCS,C=C[CH]C,C=CCC,C[CH]S
rxn_1874,C#C[CH]C,CCS,C#CCC,C[CH]S
rxn_1875,C#C[C](C)C,CCS,C#CC(C)C,C[CH]S
rxn_1876,C#C[CH]C#C,CCS,C#CCC#C,C[CH]S
rxn_1877,C#C[C](C)C#C,CCS,C#CC(C)C#C,C[CH]S
rxn_1879,CCS,C[CH]c1ccccc1,CCc1ccccc1,C[CH]S
rxn_1880,CCS,C[C](C)c1ccccc1,CC(C)c1ccccc1,C[CH]S
rxn_1881,[CH]=C,CCS,C=C,C[CH]S
rxn_1882,CCS,C=[C]C,C=CC,C[CH]S
rxn_1883,CCS,C=[C]C=C,C=CC=C,C[CH]S
rxn_1884,CCS,[c]1ccccc1,c1ccccc1,C[CH]S
rxn_1886,[CH2]S,CCS,CS,C[CH]S
rxn_1887,C[C](S)C,CCS,CC(S)C,C[CH]S
rxn_1888,CCS,[CH2]C=S,CC=S,C[CH]S
rxn_1889,CCS,C[CH]C=S,CCC=S,C[CH]S
rxn_1890,CCS,S=C[C](C)C,S=CC(C)C,C[CH]S
rxn_1891,S[C]=C,CCS,SC=C,C[CH]S
rxn_1892,CCS,C=[C]C=S,C=CC=S,C[CH]S
rxn_1893,S[CH]C=C,CCS,SCC=C,C[CH]S
rxn_1894,C[C](C=C)S,CCS,CC(C=C)S,C[CH]S
rxn_1895,S[CH]C=S,CCS,SCC=S,C[CH]S
rxn_1896,C[C](C=S)S,CCS,CC(C=S)S,C[CH]S
rxn_1897,S[CH]C#C,CCS,SCC#C,C[CH]S
rxn_1898,C[C](C#C)S,CCS,CC(C#C)S,C[CH]S
rxn_1900,C[C]([C]1[CH][CH][CH][CH][CH]1)S,CCS,CC([C]1[CH][CH][CH][CH][CH]1)S,C[CH]S
rxn_1901,[CH]=S,CCS,C=S,C[CH]S
rxn_1902,CCS,C[C]=S,CC=S,C[CH]S
rxn_1903,S[C]=S,CCS,SC=S,C[CH]S
rxn_1904,CCS,C=C[C]=S,C=CC=S,C[CH]S
rxn_1907,CC(S)C,[CH3],C,C[C](S)C
rxn_1908,CC(S)C,C[CH2],CC,C[C](S)C
rxn_1909,C#C[C]=C,CS,C#CC=C,[CH2]S
rxn_1910,CC(S)C,C[CH]C,CCC,C[C](S)C
rxn_1911,CC(S)C,C[C](C)C,CC(C)C,C[C](S)C
rxn_1912,CC(S)C,[CH2]C=C,C=CC,C[C](S)C
rxn_1913,CC(S)C,C=C[CH]C,C=CCC,C[C](S)C
rxn_1914,CC(S)C,C=C[C](C)C,C=CC(C)C,C[C](S)C
rxn_1915,CC(S)C,C=C[CH]C=C,C=CCC=C,C[C](S)C
rxn_1916,CC(S)C,C=C[C](C)C=C,C=CC(C)C=C,C[C](S)C
rxn_1918,C#C[CH]C,CC(S)C,C#CCC,C[C](S)C
rxn_1920,C#C[CH]C#C,CC(S)C,C#CCC#C,C[C](S)C
rxn_1921,C#C[C](C)C#C,CC(S)C,C#CC(C)C#C,C[C](S)C
rxn_1922,CC(S)C,[CH2]c1ccccc1,Cc1ccccc1,C[C](S)C
rxn_1923,CC(S)C,C[CH]c1ccccc1,CCc1ccccc1,C[C](S)C
rxn_1926,CC(S)C,C=[C]C,C=CC,C[C](S)C
rxn_1927,CC(S)C,C=[C]C=C,C=CC=C,C[C](S)C
rxn_1928,CC(S)C,[c]1ccccc1,c1ccccc1,C[C](S)C
rxn_1930,[CH2]S,CC(S)C,CS,C[C](S)C
rxn_1931,C[CH]S,CC(S)C,CCS,C[C](S)C
rxn_1933,CC(S)C,C[CH]C=S,CCC=S,C[C](S)C
rxn_1935,S[C]=C,CC(S)C,SC=C,C[C](S)C
rxn_1936,CC(S)C,C=[C]C=S,C=CC=S,C[C](S)C
rxn_1937,S[CH]C=C,CC(S)C,SCC=C,C[C](S)C
rxn_1938,C[C](C=C)S,CC(S)C,CC(C=C)S,C[C](S)C
rxn_1940,C[C](C=S)S,CC(S)C,CC(C=S)S,C[C](S)C
rxn_1941,S[CH]C#C,CC(S)C,SCC#C,C[C](S)C
rxn_1942,C[C](C#C)S,CC(S)C,CC(C#C)S,C[C](S)C
rxn_1945,[CH]=S,CC(S)C,C=S,C[C](S)C
rxn_1946,CC(S)C,C[C]=S,CC=S,C[C](S)C
rxn_1947,S[C]=S,CC(S)C,SC=S,C[C](S)C
rxn_1948,CC(S)C,C=C[C]=S,C=CC=S,C[C](S)C
rxn_1949,S=[C]C#C,CC(S)C,S=CC#C,C[C](S)C
rxn_1950,[H],CC=S,[H][H],[CH2]C=S
rxn_1951,[CH3],CC=S,C,[CH2]C=S
rxn_1952,CC=S,C[CH2],CC,[CH2]C=S
rxn_1954,C#C[C]=C,CCS,C#CC=C,C[CH]S
rxn_1956,[CH2]C=C,CC=S,C=CC,[CH2]C=S
rxn_1957,C=C[CH]C,CC=S,C=CCC,[CH2]C=S
rxn_1958,C=C[C](C)C,CC=S,C=CC(C)C,[CH2]C=S
rxn_1959,C=C[CH]C=C,CC=S,C=CCC=C,[CH2]C=S
rxn_1960,C=C[C](C)C=C,CC=S,C=CC(C)C=C,[CH2]C=S
rxn_1962,C#C[CH]C,CC=S,C#CCC,[CH2]C=S
rxn_1963,C#C[C](C)C,CC=S,C#CC(C)C,[CH2]C=S
rxn_1964,C#C[CH]C#C,CC=S,C#CCC#C,[CH2]C=S
rxn_1965,C#C[C](C)C#C,CC=S,C#CC(C)C#C,[CH2]C=S
rxn_1966,[CH2]c1ccccc1,CC=S,Cc1ccccc1,[CH2]C=S
rxn_1967,CC=S,C[CH]c1ccccc1,CCc1ccccc1,[CH2]C=S
rxn_1968,CC=S,C[C](C)c1ccccc1,CC(C)c1ccccc1,[CH2]C=S
rxn_1969,[CH]=C,CC=S,C=C,[CH2]C=S
rxn_1970,C=[C]C,CC=S,C=CC,[CH2]C=S
rxn_1974,[CH2]S,CC=S,CS,[CH2]C=S
rxn_1975,C[CH]S,CC=S,CCS,[CH2]C=S
rxn_1977,C[CH]C=S,CC=S,CCC=S,[CH2]C=S
rxn_1978,S=C[C](C)C,CC=S,S=CC(C)C,[CH2]C=S
rxn_1979,S[C]=C,CC=S,SC=C,[CH2]C=S
rxn_1981,S[CH]C=C,CC=S,SCC=C,[CH2]C=S
rxn_1982,C[C](C=C)S,CC=S,CC(C=C)S,[CH2]C=S
rxn_1983,S[CH]C=S,CC=S,SCC=S,[CH2]C=S
rxn_1984,C[C](C=S)S,CC=S,CC(C=S)S,[CH2]C=S
rxn_1985,S[CH]C#C,CC=S,SCC#C,[CH2]C=S
rxn_1986,C[C](C#C)S,CC=S,CC(C#C)S,[CH2]C=S
rxn_1989,[CH]=S,CC=S,C=S,[CH2]C=S
rxn_1991,S[C]=S,CC=S,SC=S,[CH2]C=S
rxn_1992,C=C[C]=S,CC=S,C=CC=S,[CH2]C=S
rxn_1994,[H],CCC=S,[H][H],C[CH]C=S
rxn_1995,[CH3],CCC=S,C,C[CH]C=S
rxn_1996,CCC=S,C[CH2],CC,C[CH]C=S
rxn_1997,CCC=S,C[CH]C,CCC,C[CH]C=S
rxn_1998,CCC=S,C[C](C)C,CC(C)C,C[CH]C=S
rxn_1999,C#C[C]=C,CC(S)C,C#CC=C,C[C](S)C
rxn_2000,[CH2]C=C,CCC=S,C=CC,C[CH]C=S
rxn_2001,C=C[CH]C,CCC=S,C=CCC,C[CH]C=S
rxn_2002,C=C[C](C)C,CCC=S,C=CC(C)C,C[CH]C=S
rxn_2003,C=C[CH]C=C,CCC=S,C=CCC=C,C[CH]C=S
rxn_2004,C=C[C](C)C=C,CCC=S,C=CC(C)C=C,C[CH]C=S
rxn_2006,C#C[CH]C,CCC=S,C#CCC,C[CH]C=S
rxn_2007,C#C[C](C)C,CCC=S,C#CC(C)C,C[CH]C=S
rxn_2008,C#C[CH]C#C,CCC=S,C#CCC#C,C[CH]C=S
rxn_2009,C#C[C](C)C#C,CCC=S,C#CC(C)C#C,C[CH]C=S
rxn_2010,[CH2]c1ccccc1,CCC=S,Cc1ccccc1,C[CH]C=S
rxn_2011,CCC=S,C[CH]c1ccccc1,CCc1ccccc1,C[CH]C=S
rxn_2012,CCC=S,C[C](C)c1ccccc1,CC(C)c1ccccc1,C[CH]C=S
rxn_2013,[CH]=C,CCC=S,C=C,C[CH]C=S
rxn_2014,C=[C]C,CCC=S,C=CC,C[CH]C=S
rxn_2015,C=[C]C=C,CCC=S,C=CC=C,C[CH]C=S
rxn_2016,CCC=S,[c]1ccccc1,c1ccccc1,C[CH]C=S
rxn_2018,[CH2]S,CCC=S,CS,C[CH]C=S
rxn_2019,C[CH]S,CCC=S,CCS,C[CH]C=S
rxn_2020,C[C](S)C,CCC=S,CC(S)C,C[CH]C=S
rxn_2021,[CH2]C=S,CCC=S,CC=S,C[CH]C=S
rxn_2022,S=C[C](C)C,CCC=S,S=CC(C)C,C[CH]C=S
rxn_2023,S[C]=C,CCC=S,SC=C,C[CH]C=S
rxn_2024,C=[C]C=S,CCC=S,C=CC=S,C[CH]C=S
rxn_2025,S[CH]C=C,CCC=S,SCC=C,C[CH]C=S
rxn_2026,C[C](C=C)S,CCC=S,CC(C=C)S,C[CH]C=S
