rxn_smiles,reactant_0,reactant_1,product_0,product_1,reactants,products,r1_valid,r2_valid,p1_valid,p2_valid,reaction
[N]N+CC[NH]<=>[NH]N+CC[N],[N]N,CC[NH],[NH]N,CC[N],[N]N+CC[NH],[NH]N+CC[N],True,True,True,True,rmg_rxn_2
[CH]CC+CC#CC<=>[CH2]CC+[CH2]C#CC,[CH]CC,CC#CC,[CH2]CC,[CH2]C#CC,[CH]CC+CC#CC,[CH2]CC+[CH2]C#CC,True,True,True,True,rmg_rxn_3
CC[NH]+[CH]CC<=>CC[N]+[CH2]CC,CC[NH],[CH]CC,CC[N],[CH2]CC,CC[NH]+[CH]CC,CC[N]+[CH2]CC,True,True,True,True,rmg_rxn_4
[NH]N+[CH]CC<=>[N]N+[CH2]CC,[NH]N,[CH]CC,[N]N,[CH2]CC,[NH]N+[CH]CC,[N]N+[CH2]CC,True,True,True,True,rmg_rxn_5
CCN=O+[CH]CC<=>CC=N[O]+[CH2]CC,CCN=O,[CH]CC,CC=N[O],[CH2]CC,CCN=O+[CH]CC,CC=N[O]+[CH2]CC,True,True,True,True,rmg_rxn_6
[N]N+CCN=O<=>[NH]N+CC=N[O],[N]N,CCN=O,[NH]N,CC=N[O],[N]N+CCN=O,[NH]N+CC=N[O],True,True,True,True,rmg_rxn_7
CC[N]+CCN=O<=>CC=N[O]+CC[NH],CC[N],CCN=O,CC=N[O],CC[NH],CC[N]+CCN=O,CC=N[O]+CC[NH],True,True,True,True,rmg_rxn_8
CC[S]+CCN=O<=>CC=N[O]+CCS,CC[S],CCN=O,CC=N[O],CCS,CC[S]+CCN=O,CC=N[O]+CCS,True,True,True,True,rmg_rxn_10
CC[S]+CC[NH]<=>CC[N]+CCS,CC[S],CC[NH],CC[N],CCS,CC[S]+CC[NH],CC[N]+CCS,True,True,True,True,rmg_rxn_12
[N]N+CCS<=>[NH]N+CC[S],[N]N,CCS,[NH]N,CC[S],[N]N+CCS,[NH]N+CC[S],True,True,True,True,rmg_rxn_13
CCS+[CH]CC<=>CC[S]+[CH2]CC,CCS,[CH]CC,CC[S],[CH2]CC,CCS+[CH]CC,CC[S]+[CH2]CC,True,True,True,True,rmg_rxn_14
[CH]CC+CCSCC<=>[CH2]CC+[CH2]CSCC,[CH]CC,CCSCC,[CH2]CC,[CH2]CSCC,[CH]CC+CCSCC,[CH2]CC+[CH2]CSCC,True,True,True,True,rmg_rxn_15
[NH]N+[CH2]CSCC<=>[N]N+CCSCC,[NH]N,[CH2]CSCC,[N]N,CCSCC,[NH]N+[CH2]CSCC,[N]N+CCSCC,True,True,True,True,rmg_rxn_16
CC[NH]+[CH2]CSCC<=>CC[N]+CCSCC,CC[NH],[CH2]CSCC,CC[N],CCSCC,CC[NH]+[CH2]CSCC,CC[N]+CCSCC,True,True,True,True,rmg_rxn_17
CCS+[CH2]CSCC<=>CC[S]+CCSCC,CCS,[CH2]CSCC,CC[S],CCSCC,CCS+[CH2]CSCC,CC[S]+CCSCC,True,True,True,True,rmg_rxn_19
CCN=O+[CH2]CSCC<=>CC=N[O]+CCSCC,CCN=O,[CH2]CSCC,CC=N[O],CCSCC,CCN=O+[CH2]CSCC,CC=N[O]+CCSCC,True,True,True,True,rmg_rxn_20
[CH]CC+CCCC<=>[CH2]CC+C[CH]CC,[CH]CC,CCCC,[CH2]CC,C[CH]CC,[CH]CC+CCCC,[CH2]CC+C[CH]CC,True,True,True,True,rmg_rxn_21
[NH]N+C[CH]CC<=>[N]N+CCCC,[NH]N,C[CH]CC,[N]N,CCCC,[NH]N+C[CH]CC,[N]N+CCCC,True,True,True,True,rmg_rxn_22
CC[NH]+C[CH]CC<=>CC[N]+CCCC,CC[NH],C[CH]CC,CC[N],CCCC,CC[NH]+C[CH]CC,CC[N]+CCCC,True,True,True,True,rmg_rxn_23
CC#CC+C[CH]CC<=>[CH2]C#CC+CCCC,CC#CC,C[CH]CC,[CH2]C#CC,CCCC,CC#CC+C[CH]CC,[CH2]C#CC+CCCC,True,True,True,True,rmg_rxn_24
CCS+C[CH]CC<=>CC[S]+CCCC,CCS,C[CH]CC,CC[S],CCCC,CCS+C[CH]CC,CC[S]+CCCC,True,True,True,True,rmg_rxn_25
CCN=O+C[CH]CC<=>CC=N[O]+CCCC,CCN=O,C[CH]CC,CC=N[O],CCCC,CCN=O+C[CH]CC,CC=N[O]+CCCC,True,True,True,True,rmg_rxn_26
[CH2]CSCC+CCCC<=>C[CH]CC+CCSCC,[CH2]CSCC,CCCC,C[CH]CC,CCSCC,[CH2]CSCC+CCCC,C[CH]CC+CCSCC,True,True,True,True,rmg_rxn_27
[CH]CC+CCCC<=>[CH2]CC+[CH2]CCC,[CH]CC,CCCC,[CH2]CC,[CH2]CCC,[CH]CC+CCCC,[CH2]CC+[CH2]CCC,True,True,True,True,rmg_rxn_28
[NH]N+[CH2]CCC<=>[N]N+CCCC,[NH]N,[CH2]CCC,[N]N,CCCC,[NH]N+[CH2]CCC,[N]N+CCCC,True,True,True,True,rmg_rxn_29
CC[NH]+[CH2]CCC<=>CC[N]+CCCC,CC[NH],[CH2]CCC,CC[N],CCCC,CC[NH]+[CH2]CCC,CC[N]+CCCC,True,True,True,True,rmg_rxn_30
CC#CC+[CH2]CCC<=>[CH2]C#CC+CCCC,CC#CC,[CH2]CCC,[CH2]C#CC,CCCC,CC#CC+[CH2]CCC,[CH2]C#CC+CCCC,True,True,True,True,rmg_rxn_31
CCS+[CH2]CCC<=>CC[S]+CCCC,CCS,[CH2]CCC,CC[S],CCCC,CCS+[CH2]CCC,CC[S]+CCCC,True,True,True,True,rmg_rxn_32
CCN=O+[CH2]CCC<=>CC=N[O]+CCCC,CCN=O,[CH2]CCC,CC=N[O],CCCC,CCN=O+[CH2]CCC,CC=N[O]+CCCC,True,True,True,True,rmg_rxn_33
[CH2]CSCC+CCCC<=>[CH2]CCC+CCSCC,[CH2]CSCC,CCCC,[CH2]CCC,CCSCC,[CH2]CSCC+CCCC,[CH2]CCC+CCSCC,True,True,True,True,rmg_rxn_34
[CH2]CCC+CCCC<=>C[CH]CC+CCCC,[CH2]CCC,CCCC,C[CH]CC,CCCC,[CH2]CCC+CCCC,C[CH]CC+CCCC,True,True,True,True,rmg_rxn_35
[CH]CC+C1COCOC1<=>[CH2]CC+[CH]1OCCCO1,[CH]CC,C1COCOC1,[CH2]CC,[CH]1OCCCO1,[CH]CC+C1COCOC1,[CH2]CC+[CH]1OCCCO1,True,True,True,True,rmg_rxn_36
[NH]N+[CH]1OCCCO1<=>[N]N+C1COCOC1,[NH]N,[CH]1OCCCO1,[N]N,C1COCOC1,[NH]N+[CH]1OCCCO1,[N]N+C1COCOC1,True,True,True,True,rmg_rxn_37
CC[NH]+[CH]1OCCCO1<=>CC[N]+C1COCOC1,CC[NH],[CH]1OCCCO1,CC[N],C1COCOC1,CC[NH]+[CH]1OCCCO1,CC[N]+C1COCOC1,True,True,True,True,rmg_rxn_38
CC#CC+[CH]1OCCCO1<=>[CH2]C#CC+C1COCOC1,CC#CC,[CH]1OCCCO1,[CH2]C#CC,C1COCOC1,CC#CC+[CH]1OCCCO1,[CH2]C#CC+C1COCOC1,True,True,True,True,rmg_rxn_39
CCS+[CH]1OCCCO1<=>CC[S]+C1COCOC1,CCS,[CH]1OCCCO1,CC[S],C1COCOC1,CCS+[CH]1OCCCO1,CC[S]+C1COCOC1,True,True,True,True,rmg_rxn_40
CCN=O+[CH]1OCCCO1<=>CC=N[O]+C1COCOC1,CCN=O,[CH]1OCCCO1,CC=N[O],C1COCOC1,CCN=O+[CH]1OCCCO1,CC=N[O]+C1COCOC1,True,True,True,True,rmg_rxn_41
C1COCOC1+[CH2]CSCC<=>[CH]1OCCCO1+CCSCC,C1COCOC1,[CH2]CSCC,[CH]1OCCCO1,CCSCC,C1COCOC1+[CH2]CSCC,[CH]1OCCCO1+CCSCC,True,True,True,True,rmg_rxn_42
C1COCOC1+C[CH]CC<=>[CH]1OCCCO1+CCCC,C1COCOC1,C[CH]CC,[CH]1OCCCO1,CCCC,C1COCOC1+C[CH]CC,[CH]1OCCCO1+CCCC,True,True,True,True,rmg_rxn_43
C1COCOC1+[CH2]CCC<=>[CH]1OCCCO1+CCCC,C1COCOC1,[CH2]CCC,[CH]1OCCCO1,CCCC,C1COCOC1+[CH2]CCC,[CH]1OCCCO1+CCCC,True,True,True,True,rmg_rxn_44
CC=NO+C[CH]CC<=>CC=N[O]+CCCC,CC=NO,C[CH]CC,CC=N[O],CCCC,CC=NO+C[CH]CC,CC=N[O]+CCCC,True,True,True,True,rmg_rxn_45
CC=NO+[CH2]CCC<=>CC=N[O]+CCCC,CC=NO,[CH2]CCC,CC=N[O],CCCC,CC=NO+[CH2]CCC,CC=N[O]+CCCC,True,True,True,True,rmg_rxn_46
CC=NO+[CH]1OCCCO1<=>CC=N[O]+C1COCOC1,CC=NO,[CH]1OCCCO1,CC=N[O],C1COCOC1,CC=NO+[CH]1OCCCO1,CC=N[O]+C1COCOC1,True,True,True,True,rmg_rxn_47
CC=NO+[CH2]CSCC<=>CC=N[O]+CCSCC,CC=NO,[CH2]CSCC,CC=N[O],CCSCC,CC=NO+[CH2]CSCC,CC=N[O]+CCSCC,True,True,True,True,rmg_rxn_48
CC=N[O]+CCN=O<=>CC=N[O]+CC=NO,CC=N[O],CCN=O,CC=N[O],CC=NO,CC=N[O]+CCN=O,CC=N[O]+CC=NO,True,True,True,True,rmg_rxn_49
CC=N[O]+CC#CC<=>CC=NO+[CH2]C#CC,CC=N[O],CC#CC,CC=NO,[CH2]C#CC,CC=N[O]+CC#CC,CC=NO+[CH2]C#CC,True,True,True,True,rmg_rxn_50
CC[N]+CC=NO<=>CC=N[O]+CC[NH],CC[N],CC=NO,CC=N[O],CC[NH],CC[N]+CC=NO,CC=N[O]+CC[NH],True,True,True,True,rmg_rxn_51
[N]N+CC=NO<=>[NH]N+CC=N[O],[N]N,CC=NO,[NH]N,CC=N[O],[N]N+CC=NO,[NH]N+CC=N[O],True,True,True,True,rmg_rxn_52
CC=NO+[CH]CC<=>CC=N[O]+[CH2]CC,CC=NO,[CH]CC,CC=N[O],[CH2]CC,CC=NO+[CH]CC,CC=N[O]+[CH2]CC,True,True,True,True,rmg_rxn_53
CC[S]+CC=NO<=>CC=N[O]+CCS,CC[S],CC=NO,CC=N[O],CCS,CC[S]+CC=NO,CC=N[O]+CCS,True,True,True,True,rmg_rxn_54
[CH]CC+CCSCC<=>[CH2]CC+CCS[CH]C,[CH]CC,CCSCC,[CH2]CC,CCS[CH]C,[CH]CC+CCSCC,[CH2]CC+CCS[CH]C,True,True,True,True,rmg_rxn_55
[NH]N+CCS[CH]C<=>[N]N+CCSCC,[NH]N,CCS[CH]C,[N]N,CCSCC,[NH]N+CCS[CH]C,[N]N+CCSCC,True,True,True,True,rmg_rxn_56
CC[NH]+CCS[CH]C<=>CC[N]+CCSCC,CC[NH],CCS[CH]C,CC[N],CCSCC,CC[NH]+CCS[CH]C,CC[N]+CCSCC,True,True,True,True,rmg_rxn_57
CC#CC+CCS[CH]C<=>[CH2]C#CC+CCSCC,CC#CC,CCS[CH]C,[CH2]C#CC,CCSCC,CC#CC+CCS[CH]C,[CH2]C#CC+CCSCC,True,True,True,True,rmg_rxn_58
CCS+CCS[CH]C<=>CC[S]+CCSCC,CCS,CCS[CH]C,CC[S],CCSCC,CCS+CCS[CH]C,CC[S]+CCSCC,True,True,True,True,rmg_rxn_59
CC=NO+CCS[CH]C<=>CC=N[O]+CCSCC,CC=NO,CCS[CH]C,CC=N[O],CCSCC,CC=NO+CCS[CH]C,CC=N[O]+CCSCC,True,True,True,True,rmg_rxn_60
CCN=O+CCS[CH]C<=>CC=N[O]+CCSCC,CCN=O,CCS[CH]C,CC=N[O],CCSCC,CCN=O+CCS[CH]C,CC=N[O]+CCSCC,True,True,True,True,rmg_rxn_61
[CH2]CSCC+CCSCC<=>CCS[CH]C+CCSCC,[CH2]CSCC,CCSCC,CCS[CH]C,CCSCC,[CH2]CSCC+CCSCC,CCS[CH]C+CCSCC,True,True,True,True,rmg_rxn_62
C[CH]CC+CCSCC<=>CCS[CH]C+CCCC,C[CH]CC,CCSCC,CCS[CH]C,CCCC,C[CH]CC+CCSCC,CCS[CH]C+CCCC,True,True,True,True,rmg_rxn_63
[CH2]CCC+CCSCC<=>CCS[CH]C+CCCC,[CH2]CCC,CCSCC,CCS[CH]C,CCCC,[CH2]CCC+CCSCC,CCS[CH]C+CCCC,True,True,True,True,rmg_rxn_64
[CH]1OCCCO1+CCSCC<=>C1COCOC1+CCS[CH]C,[CH]1OCCCO1,CCSCC,C1COCOC1,CCS[CH]C,[CH]1OCCCO1+CCSCC,C1COCOC1+CCS[CH]C,True,True,True,True,rmg_rxn_65
S+[CH]CC<=>[SH]+[CH2]CC,S,[CH]CC,[SH],[CH2]CC,S+[CH]CC,[SH]+[CH2]CC,True,True,True,True,rmg_rxn_76
[SH]+[NH]N<=>S+[N]N,[SH],[NH]N,S,[N]N,[SH]+[NH]N,S+[N]N,True,True,True,True,rmg_rxn_77
[SH]+CC[NH]<=>S+CC[N],[SH],CC[NH],S,CC[N],[SH]+CC[NH],S+CC[N],True,True,True,True,rmg_rxn_78
[SH]+CCS<=>S+CC[S],[SH],CCS,S,CC[S],[SH]+CCS,S+CC[S],True,True,True,True,rmg_rxn_80
[SH]+CC=NO<=>S+CC=N[O],[SH],CC=NO,S,CC=N[O],[SH]+CC=NO,S+CC=N[O],True,True,True,True,rmg_rxn_81
[SH]+CCN=O<=>S+CC=N[O],[SH],CCN=O,S,CC=N[O],[SH]+CCN=O,S+CC=N[O],True,True,True,True,rmg_rxn_82
S+[CH2]CSCC<=>[SH]+CCSCC,S,[CH2]CSCC,[SH],CCSCC,S+[CH2]CSCC,[SH]+CCSCC,True,True,True,True,rmg_rxn_83
[SH]+CCCC<=>S+C[CH]CC,[SH],CCCC,S,C[CH]CC,[SH]+CCCC,S+C[CH]CC,True,True,True,True,rmg_rxn_84
[SH]+CCCC<=>S+[CH2]CCC,[SH],CCCC,S,[CH2]CCC,[SH]+CCCC,S+[CH2]CCC,True,True,True,True,rmg_rxn_85
S+[CH]1OCCCO1<=>[SH]+C1COCOC1,S,[CH]1OCCCO1,[SH],C1COCOC1,S+[CH]1OCCCO1,[SH]+C1COCOC1,True,True,True,True,rmg_rxn_86
S+CCS[CH]C<=>[SH]+CCSCC,S,CCS[CH]C,[SH],CCSCC,S+CCS[CH]C,[SH]+CCSCC,True,True,True,True,rmg_rxn_87
CC#N+[CH]CC<=>C=C=[N]+[CH2]CC,CC#N,[CH]CC,C=C=[N],[CH2]CC,CC#N+[CH]CC,C=C=[N]+[CH2]CC,True,True,True,True,rmg_rxn_89
CC#N+CC=N[O]<=>C=C=[N]+CC=NO,CC#N,CC=N[O],C=C=[N],CC=NO,CC#N+CC=N[O],C=C=[N]+CC=NO,True,True,True,True,rmg_rxn_94
CC#N+[CH2]CSCC<=>C=C=[N]+CCSCC,CC#N,[CH2]CSCC,C=C=[N],CCSCC,CC#N+[CH2]CSCC,C=C=[N]+CCSCC,True,True,True,True,rmg_rxn_96
CC#N+C[CH]CC<=>C=C=[N]+CCCC,CC#N,C[CH]CC,C=C=[N],CCCC,CC#N+C[CH]CC,C=C=[N]+CCCC,True,True,True,True,rmg_rxn_97
CC#N+[CH2]CCC<=>C=C=[N]+CCCC,CC#N,[CH2]CCC,C=C=[N],CCCC,CC#N+[CH2]CCC,C=C=[N]+CCCC,True,True,True,True,rmg_rxn_98
[CH]CC+CCCOCC<=>[CH2]CC+[CH2]COCCC,[CH]CC,CCCOCC,[CH2]CC,[CH2]COCCC,[CH]CC+CCCOCC,[CH2]CC+[CH2]COCCC,True,True,True,True,rmg_rxn_151
[NH]N+[CH2]COCCC<=>[N]N+CCCOCC,[NH]N,[CH2]COCCC,[N]N,CCCOCC,[NH]N+[CH2]COCCC,[N]N+CCCOCC,True,True,True,True,rmg_rxn_152
CC[NH]+[CH2]COCCC<=>CC[N]+CCCOCC,CC[NH],[CH2]COCCC,CC[N],CCCOCC,CC[NH]+[CH2]COCCC,CC[N]+CCCOCC,True,True,True,True,rmg_rxn_153
CC=NO+[CH2]COCCC<=>CC=N[O]+CCCOCC,CC=NO,[CH2]COCCC,CC=N[O],CCCOCC,CC=NO+[CH2]COCCC,CC=N[O]+CCCOCC,True,True,True,True,rmg_rxn_156
CCN=O+[CH2]COCCC<=>CC=N[O]+CCCOCC,CCN=O,[CH2]COCCC,CC=N[O],CCCOCC,CCN=O+[CH2]COCCC,CC=N[O]+CCCOCC,True,True,True,True,rmg_rxn_157
CCSCC+[CH2]COCCC<=>[CH2]CSCC+CCCOCC,CCSCC,[CH2]COCCC,[CH2]CSCC,CCCOCC,CCSCC+[CH2]COCCC,[CH2]CSCC+CCCOCC,True,True,True,True,rmg_rxn_158
CCCC+[CH2]COCCC<=>C[CH]CC+CCCOCC,CCCC,[CH2]COCCC,C[CH]CC,CCCOCC,CCCC+[CH2]COCCC,C[CH]CC+CCCOCC,True,True,True,True,rmg_rxn_159
CC#N+[CH2]COCCC<=>C=C=[N]+CCCOCC,CC#N,[CH2]COCCC,C=C=[N],CCCOCC,CC#N+[CH2]COCCC,C=C=[N]+CCCOCC,True,True,True,True,rmg_rxn_165
CCN=O+[CH]CC<=>[CH2]CN=O+[CH2]CC,CCN=O,[CH]CC,[CH2]CN=O,[CH2]CC,CCN=O+[CH]CC,[CH2]CN=O+[CH2]CC,True,True,True,True,rmg_rxn_169
[NH]N+[CH2]CN=O<=>[N]N+CCN=O,[NH]N,[CH2]CN=O,[N]N,CCN=O,[NH]N+[CH2]CN=O,[N]N+CCN=O,True,True,True,True,rmg_rxn_170
[CH2]CN=O+CC[NH]<=>CC[N]+CCN=O,[CH2]CN=O,CC[NH],CC[N],CCN=O,[CH2]CN=O+CC[NH],CC[N]+CCN=O,True,True,True,True,rmg_rxn_171
[CH2]CN=O+CC#CC<=>CCN=O+[CH2]C#CC,[CH2]CN=O,CC#CC,CCN=O,[CH2]C#CC,[CH2]CN=O+CC#CC,CCN=O+[CH2]C#CC,True,True,True,True,rmg_rxn_172
[CH2]CN=O+CCS<=>CC[S]+CCN=O,[CH2]CN=O,CCS,CC[S],CCN=O,[CH2]CN=O+CCS,CC[S]+CCN=O,True,True,True,True,rmg_rxn_173
[CH2]CN=O+CC=NO<=>CC=N[O]+CCN=O,[CH2]CN=O,CC=NO,CC=N[O],CCN=O,[CH2]CN=O+CC=NO,CC=N[O]+CCN=O,True,True,True,True,rmg_rxn_174
[CH2]CN=O+CCN=O<=>CC=N[O]+CCN=O,[CH2]CN=O,CCN=O,CC=N[O],CCN=O,[CH2]CN=O+CCN=O,CC=N[O]+CCN=O,True,True,True,True,rmg_rxn_175
CCN=O+[CH2]CSCC<=>[CH2]CN=O+CCSCC,CCN=O,[CH2]CSCC,[CH2]CN=O,CCSCC,CCN=O+[CH2]CSCC,[CH2]CN=O+CCSCC,True,True,True,True,rmg_rxn_176
[CH2]CN=O+CCCC<=>CCN=O+C[CH]CC,[CH2]CN=O,CCCC,CCN=O,C[CH]CC,[CH2]CN=O+CCCC,CCN=O+C[CH]CC,True,True,True,True,rmg_rxn_177
[CH2]CN=O+CCCC<=>CCN=O+[CH2]CCC,[CH2]CN=O,CCCC,CCN=O,[CH2]CCC,[CH2]CN=O+CCCC,CCN=O+[CH2]CCC,True,True,True,True,rmg_rxn_178
[CH2]CN=O+C1COCOC1<=>CCN=O+[CH]1OCCCO1,[CH2]CN=O,C1COCOC1,CCN=O,[CH]1OCCCO1,[CH2]CN=O+C1COCOC1,CCN=O+[CH]1OCCCO1,True,True,True,True,rmg_rxn_179
[CH2]CN=O+CCSCC<=>CCN=O+CCS[CH]C,[CH2]CN=O,CCSCC,CCN=O,CCS[CH]C,[CH2]CN=O+CCSCC,CCN=O+CCS[CH]C,True,True,True,True,rmg_rxn_180
S+[CH2]CN=O<=>[SH]+CCN=O,S,[CH2]CN=O,[SH],CCN=O,S+[CH2]CN=O,[SH]+CCN=O,True,True,True,True,rmg_rxn_182
CC#N+[CH2]CN=O<=>C=C=[N]+CCN=O,CC#N,[CH2]CN=O,C=C=[N],CCN=O,CC#N+[CH2]CN=O,C=C=[N]+CCN=O,True,True,True,True,rmg_rxn_183
CCN=O+[CH2]COCCC<=>[CH2]CN=O+CCCOCC,CCN=O,[CH2]COCCC,[CH2]CN=O,CCCOCC,CCN=O+[CH2]COCCC,[CH2]CN=O+CCCOCC,True,True,True,True,rmg_rxn_187
[CH]CC+C1COCOC1<=>[CH2]CC+[CH]1COCOC1,[CH]CC,C1COCOC1,[CH2]CC,[CH]1COCOC1,[CH]CC+C1COCOC1,[CH2]CC+[CH]1COCOC1,True,True,True,True,rmg_rxn_188
[NH]N+[CH]1COCOC1<=>[N]N+C1COCOC1,[NH]N,[CH]1COCOC1,[N]N,C1COCOC1,[NH]N+[CH]1COCOC1,[N]N+C1COCOC1,True,True,True,True,rmg_rxn_189
CC[NH]+[CH]1COCOC1<=>CC[N]+C1COCOC1,CC[NH],[CH]1COCOC1,CC[N],C1COCOC1,CC[NH]+[CH]1COCOC1,CC[N]+C1COCOC1,True,True,True,True,rmg_rxn_190
CC#CC+[CH]1COCOC1<=>[CH2]C#CC+C1COCOC1,CC#CC,[CH]1COCOC1,[CH2]C#CC,C1COCOC1,CC#CC+[CH]1COCOC1,[CH2]C#CC+C1COCOC1,True,True,True,True,rmg_rxn_191
CCS+[CH]1COCOC1<=>CC[S]+C1COCOC1,CCS,[CH]1COCOC1,CC[S],C1COCOC1,CCS+[CH]1COCOC1,CC[S]+C1COCOC1,True,True,True,True,rmg_rxn_192
CC=NO+[CH]1COCOC1<=>CC=N[O]+C1COCOC1,CC=NO,[CH]1COCOC1,CC=N[O],C1COCOC1,CC=NO+[CH]1COCOC1,CC=N[O]+C1COCOC1,True,True,True,True,rmg_rxn_193
CCN=O+[CH]1COCOC1<=>CC=N[O]+C1COCOC1,CCN=O,[CH]1COCOC1,CC=N[O],C1COCOC1,CCN=O+[CH]1COCOC1,CC=N[O]+C1COCOC1,True,True,True,True,rmg_rxn_194
C1COCOC1+[CH2]CSCC<=>[CH]1COCOC1+CCSCC,C1COCOC1,[CH2]CSCC,[CH]1COCOC1,CCSCC,C1COCOC1+[CH2]CSCC,[CH]1COCOC1+CCSCC,True,True,True,True,rmg_rxn_195
[CH]1COCOC1+CCCC<=>C1COCOC1+C[CH]CC,[CH]1COCOC1,CCCC,C1COCOC1,C[CH]CC,[CH]1COCOC1+CCCC,C1COCOC1+C[CH]CC,True,True,True,True,rmg_rxn_196
C1COCOC1+[CH2]CCC<=>[CH]1COCOC1+CCCC,C1COCOC1,[CH2]CCC,[CH]1COCOC1,CCCC,C1COCOC1+[CH2]CCC,[CH]1COCOC1+CCCC,True,True,True,True,rmg_rxn_197
[CH]1COCOC1+C1COCOC1<=>[CH]1OCCCO1+C1COCOC1,[CH]1COCOC1,C1COCOC1,[CH]1OCCCO1,C1COCOC1,[CH]1COCOC1+C1COCOC1,[CH]1OCCCO1+C1COCOC1,True,True,True,True,rmg_rxn_198
[CH]1COCOC1+CCSCC<=>C1COCOC1+CCS[CH]C,[CH]1COCOC1,CCSCC,C1COCOC1,CCS[CH]C,[CH]1COCOC1+CCSCC,C1COCOC1+CCS[CH]C,True,True,True,True,rmg_rxn_199
S+[CH]1COCOC1<=>[SH]+C1COCOC1,S,[CH]1COCOC1,[SH],C1COCOC1,S+[CH]1COCOC1,[SH]+C1COCOC1,True,True,True,True,rmg_rxn_200
CC#N+[CH]1COCOC1<=>C=C=[N]+C1COCOC1,CC#N,[CH]1COCOC1,C=C=[N],C1COCOC1,CC#N+[CH]1COCOC1,C=C=[N]+C1COCOC1,True,True,True,True,rmg_rxn_201
C1COCOC1+[CH2]COCCC<=>[CH]1COCOC1+CCCOCC,C1COCOC1,[CH2]COCCC,[CH]1COCOC1,CCCOCC,C1COCOC1+[CH2]COCCC,[CH]1COCOC1+CCCOCC,True,True,True,True,rmg_rxn_205
[CH2]CN=O+C1COCOC1<=>CCN=O+[CH]1COCOC1,[CH2]CN=O,C1COCOC1,CCN=O,[CH]1COCOC1,[CH2]CN=O+C1COCOC1,CCN=O+[CH]1COCOC1,True,True,True,True,rmg_rxn_206
[CH]CC+CCCOCC<=>[CH2]CC+C[CH]COCC,[CH]CC,CCCOCC,[CH2]CC,C[CH]COCC,[CH]CC+CCCOCC,[CH2]CC+C[CH]COCC,True,True,True,True,rmg_rxn_207
[NH]N+C[CH]COCC<=>[N]N+CCCOCC,[NH]N,C[CH]COCC,[N]N,CCCOCC,[NH]N+C[CH]COCC,[N]N+CCCOCC,True,True,True,True,rmg_rxn_208
CC[NH]+C[CH]COCC<=>CC[N]+CCCOCC,CC[NH],C[CH]COCC,CC[N],CCCOCC,CC[NH]+C[CH]COCC,CC[N]+CCCOCC,True,True,True,True,rmg_rxn_209
CCS+C[CH]COCC<=>CC[S]+CCCOCC,CCS,C[CH]COCC,CC[S],CCCOCC,CCS+C[CH]COCC,CC[S]+CCCOCC,True,True,True,True,rmg_rxn_211
CC=NO+C[CH]COCC<=>CC=N[O]+CCCOCC,CC=NO,C[CH]COCC,CC=N[O],CCCOCC,CC=NO+C[CH]COCC,CC=N[O]+CCCOCC,True,True,True,True,rmg_rxn_212
CCN=O+C[CH]COCC<=>CC=N[O]+CCCOCC,CCN=O,C[CH]COCC,CC=N[O],CCCOCC,CCN=O+C[CH]COCC,CC=N[O]+CCCOCC,True,True,True,True,rmg_rxn_213
[CH2]CSCC+CCCOCC<=>CCSCC+C[CH]COCC,[CH2]CSCC,CCCOCC,CCSCC,C[CH]COCC,[CH2]CSCC+CCCOCC,CCSCC+C[CH]COCC,True,True,True,True,rmg_rxn_214
CCCC+C[CH]COCC<=>C[CH]CC+CCCOCC,CCCC,C[CH]COCC,C[CH]CC,CCCOCC,CCCC+C[CH]COCC,C[CH]CC+CCCOCC,True,True,True,True,rmg_rxn_215
[CH2]CCC+CCCOCC<=>CCCC+C[CH]COCC,[CH2]CCC,CCCOCC,CCCC,C[CH]COCC,[CH2]CCC+CCCOCC,CCCC+C[CH]COCC,True,True,True,True,rmg_rxn_216
C1COCOC1+C[CH]COCC<=>[CH]1OCCCO1+CCCOCC,C1COCOC1,C[CH]COCC,[CH]1OCCCO1,CCCOCC,C1COCOC1+C[CH]COCC,[CH]1OCCCO1+CCCOCC,True,True,True,True,rmg_rxn_217
CCSCC+C[CH]COCC<=>CCS[CH]C+CCCOCC,CCSCC,C[CH]COCC,CCS[CH]C,CCCOCC,CCSCC+C[CH]COCC,CCS[CH]C+CCCOCC,True,True,True,True,rmg_rxn_218
S+C[CH]COCC<=>[SH]+CCCOCC,S,C[CH]COCC,[SH],CCCOCC,S+C[CH]COCC,[SH]+CCCOCC,True,True,True,True,rmg_rxn_219
CC#N+C[CH]COCC<=>C=C=[N]+CCCOCC,CC#N,C[CH]COCC,C=C=[N],CCCOCC,CC#N+C[CH]COCC,C=C=[N]+CCCOCC,True,True,True,True,rmg_rxn_220
[CH2]COCCC+CCCOCC<=>C[CH]COCC+CCCOCC,[CH2]COCCC,CCCOCC,C[CH]COCC,CCCOCC,[CH2]COCCC+CCCOCC,C[CH]COCC+CCCOCC,True,True,True,True,rmg_rxn_224
[CH2]CN=O+CCCOCC<=>CCN=O+C[CH]COCC,[CH2]CN=O,CCCOCC,CCN=O,C[CH]COCC,[CH2]CN=O+CCCOCC,CCN=O+C[CH]COCC,True,True,True,True,rmg_rxn_225
C1COCOC1+C[CH]COCC<=>[CH]1COCOC1+CCCOCC,C1COCOC1,C[CH]COCC,[CH]1COCOC1,CCCOCC,C1COCOC1+C[CH]COCC,[CH]1COCOC1+CCCOCC,True,True,True,True,rmg_rxn_226
[CH]CC+CCCOCC<=>[CH2]CC+[CH2]CCOCC,[CH]CC,CCCOCC,[CH2]CC,[CH2]CCOCC,[CH]CC+CCCOCC,[CH2]CC+[CH2]CCOCC,True,True,True,True,rmg_rxn_227
[NH]N+[CH2]CCOCC<=>[N]N+CCCOCC,[NH]N,[CH2]CCOCC,[N]N,CCCOCC,[NH]N+[CH2]CCOCC,[N]N+CCCOCC,True,True,True,True,rmg_rxn_228
CC[NH]+[CH2]CCOCC<=>CC[N]+CCCOCC,CC[NH],[CH2]CCOCC,CC[N],CCCOCC,CC[NH]+[CH2]CCOCC,CC[N]+CCCOCC,True,True,True,True,rmg_rxn_229
CC#CC+[CH2]CCOCC<=>[CH2]C#CC+CCCOCC,CC#CC,[CH2]CCOCC,[CH2]C#CC,CCCOCC,CC#CC+[CH2]CCOCC,[CH2]C#CC+CCCOCC,True,True,True,True,rmg_rxn_230
CCS+[CH2]CCOCC<=>CC[S]+CCCOCC,CCS,[CH2]CCOCC,CC[S],CCCOCC,CCS+[CH2]CCOCC,CC[S]+CCCOCC,True,True,True,True,rmg_rxn_231
CC=NO+[CH2]CCOCC<=>CC=N[O]+CCCOCC,CC=NO,[CH2]CCOCC,CC=N[O],CCCOCC,CC=NO+[CH2]CCOCC,CC=N[O]+CCCOCC,True,True,True,True,rmg_rxn_232
CCN=O+[CH2]CCOCC<=>CC=N[O]+CCCOCC,CCN=O,[CH2]CCOCC,CC=N[O],CCCOCC,CCN=O+[CH2]CCOCC,CC=N[O]+CCCOCC,True,True,True,True,rmg_rxn_233
[CH2]CSCC+CCCOCC<=>CCSCC+[CH2]CCOCC,[CH2]CSCC,CCCOCC,CCSCC,[CH2]CCOCC,[CH2]CSCC+CCCOCC,CCSCC+[CH2]CCOCC,True,True,True,True,rmg_rxn_234
CCCC+[CH2]CCOCC<=>C[CH]CC+CCCOCC,CCCC,[CH2]CCOCC,C[CH]CC,CCCOCC,CCCC+[CH2]CCOCC,C[CH]CC+CCCOCC,True,True,True,True,rmg_rxn_235
CCCC+[CH2]CCOCC<=>[CH2]CCC+CCCOCC,CCCC,[CH2]CCOCC,[CH2]CCC,CCCOCC,CCCC+[CH2]CCOCC,[CH2]CCC+CCCOCC,True,True,True,True,rmg_rxn_236
C1COCOC1+[CH2]CCOCC<=>[CH]1OCCCO1+CCCOCC,C1COCOC1,[CH2]CCOCC,[CH]1OCCCO1,CCCOCC,C1COCOC1+[CH2]CCOCC,[CH]1OCCCO1+CCCOCC,True,True,True,True,rmg_rxn_237
CCSCC+[CH2]CCOCC<=>CCS[CH]C+CCCOCC,CCSCC,[CH2]CCOCC,CCS[CH]C,CCCOCC,CCSCC+[CH2]CCOCC,CCS[CH]C+CCCOCC,True,True,True,True,rmg_rxn_238
S+[CH2]CCOCC<=>[SH]+CCCOCC,S,[CH2]CCOCC,[SH],CCCOCC,S+[CH2]CCOCC,[SH]+CCCOCC,True,True,True,True,rmg_rxn_239
CC#N+[CH2]CCOCC<=>C=C=[N]+CCCOCC,CC#N,[CH2]CCOCC,C=C=[N],CCCOCC,CC#N+[CH2]CCOCC,C=C=[N]+CCCOCC,True,True,True,True,rmg_rxn_240
[CH2]COCCC+CCCOCC<=>[CH2]CCOCC+CCCOCC,[CH2]COCCC,CCCOCC,[CH2]CCOCC,CCCOCC,[CH2]COCCC+CCCOCC,[CH2]CCOCC+CCCOCC,True,True,True,True,rmg_rxn_244
CCN=O+[CH2]CCOCC<=>[CH2]CN=O+CCCOCC,CCN=O,[CH2]CCOCC,[CH2]CN=O,CCCOCC,CCN=O+[CH2]CCOCC,[CH2]CN=O+CCCOCC,True,True,True,True,rmg_rxn_245
C1COCOC1+[CH2]CCOCC<=>[CH]1COCOC1+CCCOCC,C1COCOC1,[CH2]CCOCC,[CH]1COCOC1,CCCOCC,C1COCOC1+[CH2]CCOCC,[CH]1COCOC1+CCCOCC,True,True,True,True,rmg_rxn_246
[CH2]CCOCC+CCCOCC<=>C[CH]COCC+CCCOCC,[CH2]CCOCC,CCCOCC,C[CH]COCC,CCCOCC,[CH2]CCOCC+CCCOCC,C[CH]COCC+CCCOCC,True,True,True,True,rmg_rxn_247
[CH]CC+C1COCOC1<=>[CH2]CC+[CH]1CCOCO1,[CH]CC,C1COCOC1,[CH2]CC,[CH]1CCOCO1,[CH]CC+C1COCOC1,[CH2]CC+[CH]1CCOCO1,True,True,True,True,rmg_rxn_248
[NH]N+[CH]1CCOCO1<=>[N]N+C1COCOC1,[NH]N,[CH]1CCOCO1,[N]N,C1COCOC1,[NH]N+[CH]1CCOCO1,[N]N+C1COCOC1,True,True,True,True,rmg_rxn_249
CC[NH]+[CH]1CCOCO1<=>CC[N]+C1COCOC1,CC[NH],[CH]1CCOCO1,CC[N],C1COCOC1,CC[NH]+[CH]1CCOCO1,CC[N]+C1COCOC1,True,True,True,True,rmg_rxn_250
CC#CC+[CH]1CCOCO1<=>[CH2]C#CC+C1COCOC1,CC#CC,[CH]1CCOCO1,[CH2]C#CC,C1COCOC1,CC#CC+[CH]1CCOCO1,[CH2]C#CC+C1COCOC1,True,True,True,True,rmg_rxn_251
CCS+[CH]1CCOCO1<=>CC[S]+C1COCOC1,CCS,[CH]1CCOCO1,CC[S],C1COCOC1,CCS+[CH]1CCOCO1,CC[S]+C1COCOC1,True,True,True,True,rmg_rxn_252
CC=NO+[CH]1CCOCO1<=>CC=N[O]+C1COCOC1,CC=NO,[CH]1CCOCO1,CC=N[O],C1COCOC1,CC=NO+[CH]1CCOCO1,CC=N[O]+C1COCOC1,True,True,True,True,rmg_rxn_253
CCN=O+[CH]1CCOCO1<=>CC=N[O]+C1COCOC1,CCN=O,[CH]1CCOCO1,CC=N[O],C1COCOC1,CCN=O+[CH]1CCOCO1,CC=N[O]+C1COCOC1,True,True,True,True,rmg_rxn_254
C1COCOC1+[CH2]CSCC<=>[CH]1CCOCO1+CCSCC,C1COCOC1,[CH2]CSCC,[CH]1CCOCO1,CCSCC,C1COCOC1+[CH2]CSCC,[CH]1CCOCO1+CCSCC,True,True,True,True,rmg_rxn_255
C1COCOC1+C[CH]CC<=>[CH]1CCOCO1+CCCC,C1COCOC1,C[CH]CC,[CH]1CCOCO1,CCCC,C1COCOC1+C[CH]CC,[CH]1CCOCO1+CCCC,True,True,True,True,rmg_rxn_256
C1COCOC1+[CH2]CCC<=>[CH]1CCOCO1+CCCC,C1COCOC1,[CH2]CCC,[CH]1CCOCO1,CCCC,C1COCOC1+[CH2]CCC,[CH]1CCOCO1+CCCC,True,True,True,True,rmg_rxn_257
[CH]1OCCCO1+C1COCOC1<=>[CH]1CCOCO1+C1COCOC1,[CH]1OCCCO1,C1COCOC1,[CH]1CCOCO1,C1COCOC1,[CH]1OCCCO1+C1COCOC1,[CH]1CCOCO1+C1COCOC1,True,True,True,True,rmg_rxn_258
[CH]1CCOCO1+CCSCC<=>C1COCOC1+CCS[CH]C,[CH]1CCOCO1,CCSCC,C1COCOC1,CCS[CH]C,[CH]1CCOCO1+CCSCC,C1COCOC1+CCS[CH]C,True,True,True,True,rmg_rxn_259
S+[CH]1CCOCO1<=>[SH]+C1COCOC1,S,[CH]1CCOCO1,[SH],C1COCOC1,S+[CH]1CCOCO1,[SH]+C1COCOC1,True,True,True,True,rmg_rxn_260
C1COCOC1+[CH2]COCCC<=>[CH]1CCOCO1+CCCOCC,C1COCOC1,[CH2]COCCC,[CH]1CCOCO1,CCCOCC,C1COCOC1+[CH2]COCCC,[CH]1CCOCO1+CCCOCC,True,True,True,True,rmg_rxn_265
[CH2]CN=O+C1COCOC1<=>CCN=O+[CH]1CCOCO1,[CH2]CN=O,C1COCOC1,CCN=O,[CH]1CCOCO1,[CH2]CN=O+C1COCOC1,CCN=O+[CH]1CCOCO1,True,True,True,True,rmg_rxn_266
[CH]1COCOC1+C1COCOC1<=>[CH]1CCOCO1+C1COCOC1,[CH]1COCOC1,C1COCOC1,[CH]1CCOCO1,C1COCOC1,[CH]1COCOC1+C1COCOC1,[CH]1CCOCO1+C1COCOC1,True,True,True,True,rmg_rxn_267
C1COCOC1+C[CH]COCC<=>[CH]1CCOCO1+CCCOCC,C1COCOC1,C[CH]COCC,[CH]1CCOCO1,CCCOCC,C1COCOC1+C[CH]COCC,[CH]1CCOCO1+CCCOCC,True,True,True,True,rmg_rxn_268
C1COCOC1+[CH2]CCOCC<=>[CH]1CCOCO1+CCCOCC,C1COCOC1,[CH2]CCOCC,[CH]1CCOCO1,CCCOCC,C1COCOC1+[CH2]CCOCC,[CH]1CCOCO1+CCCOCC,True,True,True,True,rmg_rxn_269
[CH]CC+CCCOCC<=>[CH2]CC+C[CH]OCCC,[CH]CC,CCCOCC,[CH2]CC,C[CH]OCCC,[CH]CC+CCCOCC,[CH2]CC+C[CH]OCCC,True,True,True,True,rmg_rxn_270
[NH]N+C[CH]OCCC<=>[N]N+CCCOCC,[NH]N,C[CH]OCCC,[N]N,CCCOCC,[NH]N+C[CH]OCCC,[N]N+CCCOCC,True,True,True,True,rmg_rxn_271
CC[NH]+C[CH]OCCC<=>CC[N]+CCCOCC,CC[NH],C[CH]OCCC,CC[N],CCCOCC,CC[NH]+C[CH]OCCC,CC[N]+CCCOCC,True,True,True,True,rmg_rxn_272
CC#CC+C[CH]OCCC<=>[CH2]C#CC+CCCOCC,CC#CC,C[CH]OCCC,[CH2]C#CC,CCCOCC,CC#CC+C[CH]OCCC,[CH2]C#CC+CCCOCC,True,True,True,True,rmg_rxn_273
CCS+C[CH]OCCC<=>CC[S]+CCCOCC,CCS,C[CH]OCCC,CC[S],CCCOCC,CCS+C[CH]OCCC,CC[S]+CCCOCC,True,True,True,True,rmg_rxn_274
CC=NO+C[CH]OCCC<=>CC=N[O]+CCCOCC,CC=NO,C[CH]OCCC,CC=N[O],CCCOCC,CC=NO+C[CH]OCCC,CC=N[O]+CCCOCC,True,True,True,True,rmg_rxn_275
CCN=O+C[CH]OCCC<=>CC=N[O]+CCCOCC,CCN=O,C[CH]OCCC,CC=N[O],CCCOCC,CCN=O+C[CH]OCCC,CC=N[O]+CCCOCC,True,True,True,True,rmg_rxn_276
[CH2]CSCC+CCCOCC<=>CCSCC+C[CH]OCCC,[CH2]CSCC,CCCOCC,CCSCC,C[CH]OCCC,[CH2]CSCC+CCCOCC,CCSCC+C[CH]OCCC,True,True,True,True,rmg_rxn_277
C[CH]CC+CCCOCC<=>CCCC+C[CH]OCCC,C[CH]CC,CCCOCC,CCCC,C[CH]OCCC,C[CH]CC+CCCOCC,CCCC+C[CH]OCCC,True,True,True,True,rmg_rxn_278
[CH2]CCC+CCCOCC<=>CCCC+C[CH]OCCC,[CH2]CCC,CCCOCC,CCCC,C[CH]OCCC,[CH2]CCC+CCCOCC,CCCC+C[CH]OCCC,True,True,True,True,rmg_rxn_279
[CH]1OCCCO1+CCCOCC<=>C1COCOC1+C[CH]OCCC,[CH]1OCCCO1,CCCOCC,C1COCOC1,C[CH]OCCC,[CH]1OCCCO1+CCCOCC,C1COCOC1+C[CH]OCCC,True,True,True,True,rmg_rxn_280
S+C[CH]OCCC<=>[SH]+CCCOCC,S,C[CH]OCCC,[SH],CCCOCC,S+C[CH]OCCC,[SH]+CCCOCC,True,True,True,True,rmg_rxn_282
[CH2]COCCC+CCCOCC<=>C[CH]OCCC+CCCOCC,[CH2]COCCC,CCCOCC,C[CH]OCCC,CCCOCC,[CH2]COCCC+CCCOCC,C[CH]OCCC+CCCOCC,True,True,True,True,rmg_rxn_287
[CH2]CN=O+CCCOCC<=>CCN=O+C[CH]OCCC,[CH2]CN=O,CCCOCC,CCN=O,C[CH]OCCC,[CH2]CN=O+CCCOCC,CCN=O+C[CH]OCCC,True,True,True,True,rmg_rxn_288
[CH]1COCOC1+CCCOCC<=>C1COCOC1+C[CH]OCCC,[CH]1COCOC1,CCCOCC,C1COCOC1,C[CH]OCCC,[CH]1COCOC1+CCCOCC,C1COCOC1+C[CH]OCCC,True,True,True,True,rmg_rxn_289
C[CH]COCC+CCCOCC<=>C[CH]OCCC+CCCOCC,C[CH]COCC,CCCOCC,C[CH]OCCC,CCCOCC,C[CH]COCC+CCCOCC,C[CH]OCCC+CCCOCC,True,True,True,True,rmg_rxn_290
[CH2]CCOCC+CCCOCC<=>C[CH]OCCC+CCCOCC,[CH2]CCOCC,CCCOCC,C[CH]OCCC,CCCOCC,[CH2]CCOCC+CCCOCC,C[CH]OCCC+CCCOCC,True,True,True,True,rmg_rxn_291
C1COCOC1+C[CH]OCCC<=>[CH]1CCOCO1+CCCOCC,C1COCOC1,C[CH]OCCC,[CH]1CCOCO1,CCCOCC,C1COCOC1+C[CH]OCCC,[CH]1CCOCO1+CCCOCC,True,True,True,True,rmg_rxn_292
[CH]CC+CCCO<=>[CH2]CC+CCC[O],[CH]CC,CCCO,[CH2]CC,CCC[O],[CH]CC+CCCO,[CH2]CC+CCC[O],True,True,True,True,rmg_rxn_293
[NH]N+CCC[O]<=>[N]N+CCCO,[NH]N,CCC[O],[N]N,CCCO,[NH]N+CCC[O],[N]N+CCCO,True,True,True,True,rmg_rxn_294
CC[NH]+CCC[O]<=>CC[N]+CCCO,CC[NH],CCC[O],CC[N],CCCO,CC[NH]+CCC[O],CC[N]+CCCO,True,True,True,True,rmg_rxn_295
CCC[O]+CC#CC<=>CCCO+[CH2]C#CC,CCC[O],CC#CC,CCCO,[CH2]C#CC,CCC[O]+CC#CC,CCCO+[CH2]C#CC,True,True,True,True,rmg_rxn_296
CCS+CCC[O]<=>CC[S]+CCCO,CCS,CCC[O],CC[S],CCCO,CCS+CCC[O],CC[S]+CCCO,True,True,True,True,rmg_rxn_297
CC=NO+CCC[O]<=>CC=N[O]+CCCO,CC=NO,CCC[O],CC=N[O],CCCO,CC=NO+CCC[O],CC=N[O]+CCCO,True,True,True,True,rmg_rxn_298
CCN=O+CCC[O]<=>CC=N[O]+CCCO,CCN=O,CCC[O],CC=N[O],CCCO,CCN=O+CCC[O],CC=N[O]+CCCO,True,True,True,True,rmg_rxn_299
CCC[O]+CCSCC<=>CCCO+[CH2]CSCC,CCC[O],CCSCC,CCCO,[CH2]CSCC,CCC[O]+CCSCC,CCCO+[CH2]CSCC,True,True,True,True,rmg_rxn_300
CCC[O]+CCCC<=>CCCO+C[CH]CC,CCC[O],CCCC,CCCO,C[CH]CC,CCC[O]+CCCC,CCCO+C[CH]CC,True,True,True,True,rmg_rxn_301
CCC[O]+CCCC<=>CCCO+[CH2]CCC,CCC[O],CCCC,CCCO,[CH2]CCC,CCC[O]+CCCC,CCCO+[CH2]CCC,True,True,True,True,rmg_rxn_302
CCC[O]+C1COCOC1<=>CCCO+[CH]1OCCCO1,CCC[O],C1COCOC1,CCCO,[CH]1OCCCO1,CCC[O]+C1COCOC1,CCCO+[CH]1OCCCO1,True,True,True,True,rmg_rxn_303
CCC[O]+CCSCC<=>CCCO+CCS[CH]C,CCC[O],CCSCC,CCCO,CCS[CH]C,CCC[O]+CCSCC,CCCO+CCS[CH]C,True,True,True,True,rmg_rxn_304
S+CCC[O]<=>[SH]+CCCO,S,CCC[O],[SH],CCCO,S+CCC[O],[SH]+CCCO,True,True,True,True,rmg_rxn_306
CC#N+CCC[O]<=>C=C=[N]+CCCO,CC#N,CCC[O],C=C=[N],CCCO,CC#N+CCC[O],C=C=[N]+CCCO,True,True,True,True,rmg_rxn_307
CCC[O]+CCCOCC<=>CCCO+[CH2]COCCC,CCC[O],CCCOCC,CCCO,[CH2]COCCC,CCC[O]+CCCOCC,CCCO+[CH2]COCCC,True,True,True,True,rmg_rxn_311
CCN=O+CCC[O]<=>[CH2]CN=O+CCCO,CCN=O,CCC[O],[CH2]CN=O,CCCO,CCN=O+CCC[O],[CH2]CN=O+CCCO,True,True,True,True,rmg_rxn_312
CCC[O]+C1COCOC1<=>CCCO+[CH]1COCOC1,CCC[O],C1COCOC1,CCCO,[CH]1COCOC1,CCC[O]+C1COCOC1,CCCO+[CH]1COCOC1,True,True,True,True,rmg_rxn_313
CCC[O]+CCCOCC<=>CCCO+C[CH]COCC,CCC[O],CCCOCC,CCCO,C[CH]COCC,CCC[O]+CCCOCC,CCCO+C[CH]COCC,True,True,True,True,rmg_rxn_314
CCC[O]+C1COCOC1<=>CCCO+[CH]1CCOCO1,CCC[O],C1COCOC1,CCCO,[CH]1CCOCO1,CCC[O]+C1COCOC1,CCCO+[CH]1CCOCO1,True,True,True,True,rmg_rxn_316
CCC[O]+CCCOCC<=>CCCO+C[CH]OCCC,CCC[O],CCCOCC,CCCO,C[CH]OCCC,CCC[O]+CCCOCC,CCCO+C[CH]OCCC,True,True,True,True,rmg_rxn_317
[NH]N+CC[CH]OCC<=>[N]N+CCCOCC,[NH]N,CC[CH]OCC,[N]N,CCCOCC,[NH]N+CC[CH]OCC,[N]N+CCCOCC,True,True,True,True,rmg_rxn_319
CC[NH]+CC[CH]OCC<=>CC[N]+CCCOCC,CC[NH],CC[CH]OCC,CC[N],CCCOCC,CC[NH]+CC[CH]OCC,CC[N]+CCCOCC,True,True,True,True,rmg_rxn_320
CC#CC+CC[CH]OCC<=>[CH2]C#CC+CCCOCC,CC#CC,CC[CH]OCC,[CH2]C#CC,CCCOCC,CC#CC+CC[CH]OCC,[CH2]C#CC+CCCOCC,True,True,True,True,rmg_rxn_321
CC=NO+CC[CH]OCC<=>CC=N[O]+CCCOCC,CC=NO,CC[CH]OCC,CC=N[O],CCCOCC,CC=NO+CC[CH]OCC,CC=N[O]+CCCOCC,True,True,True,True,rmg_rxn_323
CCN=O+CC[CH]OCC<=>CC=N[O]+CCCOCC,CCN=O,CC[CH]OCC,CC=N[O],CCCOCC,CCN=O+CC[CH]OCC,CC=N[O]+CCCOCC,True,True,True,True,rmg_rxn_324
C[CH]CC+CCCOCC<=>CCCC+CC[CH]OCC,C[CH]CC,CCCOCC,CCCC,CC[CH]OCC,C[CH]CC+CCCOCC,CCCC+CC[CH]OCC,True,True,True,True,rmg_rxn_326
[CH2]COCCC+CCCOCC<=>CC[CH]OCC+CCCOCC,[CH2]COCCC,CCCOCC,CC[CH]OCC,CCCOCC,[CH2]COCCC+CCCOCC,CC[CH]OCC+CCCOCC,True,True,True,True,rmg_rxn_335
[CH2]CN=O+CCCOCC<=>CCN=O+CC[CH]OCC,[CH2]CN=O,CCCOCC,CCN=O,CC[CH]OCC,[CH2]CN=O+CCCOCC,CCN=O+CC[CH]OCC,True,True,True,True,rmg_rxn_336
[CH]1COCOC1+CCCOCC<=>C1COCOC1+CC[CH]OCC,[CH]1COCOC1,CCCOCC,C1COCOC1,CC[CH]OCC,[CH]1COCOC1+CCCOCC,C1COCOC1+CC[CH]OCC,True,True,True,True,rmg_rxn_337
C[CH]COCC+CCCOCC<=>CC[CH]OCC+CCCOCC,C[CH]COCC,CCCOCC,CC[CH]OCC,CCCOCC,C[CH]COCC+CCCOCC,CC[CH]OCC+CCCOCC,True,True,True,True,rmg_rxn_338
[CH2]CCOCC+CCCOCC<=>CC[CH]OCC+CCCOCC,[CH2]CCOCC,CCCOCC,CC[CH]OCC,CCCOCC,[CH2]CCOCC+CCCOCC,CC[CH]OCC+CCCOCC,True,True,True,True,rmg_rxn_339
C1COCOC1+CC[CH]OCC<=>[CH]1CCOCO1+CCCOCC,C1COCOC1,CC[CH]OCC,[CH]1CCOCO1,CCCOCC,C1COCOC1+CC[CH]OCC,[CH]1CCOCO1+CCCOCC,True,True,True,True,rmg_rxn_340
CC[CH]OCC+CCCOCC<=>C[CH]OCCC+CCCOCC,CC[CH]OCC,CCCOCC,C[CH]OCCC,CCCOCC,CC[CH]OCC+CCCOCC,C[CH]OCCC+CCCOCC,True,True,True,True,rmg_rxn_341
CCC[O]+CCCOCC<=>CCCO+CC[CH]OCC,CCC[O],CCCOCC,CCCO,CC[CH]OCC,CCC[O]+CCCOCC,CCCO+CC[CH]OCC,True,True,True,True,rmg_rxn_342
[CH]=CC+CCCC<=>C=CC+C[CH]CC,[CH]=CC,CCCC,C=CC,C[CH]CC,[CH]=CC+CCCC,C=CC+C[CH]CC,True,True,True,True,rmg_rxn_343
[CH]=CC+CCCC<=>C=CC+[CH2]CCC,[CH]=CC,CCCC,C=CC,[CH2]CCC,[CH]=CC+CCCC,C=CC+[CH2]CCC,True,True,True,True,rmg_rxn_344
[CH]=CC+CCCOCC<=>C=CC+C[CH]COCC,[CH]=CC,CCCOCC,C=CC,C[CH]COCC,[CH]=CC+CCCOCC,C=CC+C[CH]COCC,True,True,True,True,rmg_rxn_345
[CH]=CC+CCCOCC<=>C=CC+CC[CH]OCC,[CH]=CC,CCCOCC,C=CC,CC[CH]OCC,[CH]=CC+CCCOCC,C=CC+CC[CH]OCC,True,True,True,True,rmg_rxn_346
[CH]=CC+CCCOCC<=>C=CC+C[CH]OCCC,[CH]=CC,CCCOCC,C=CC,C[CH]OCCC,[CH]=CC+CCCOCC,C=CC+C[CH]OCCC,True,True,True,True,rmg_rxn_347
[CH]=CC+CCCOCC<=>C=CC+[CH2]CCOCC,[CH]=CC,CCCOCC,C=CC,[CH2]CCOCC,[CH]=CC+CCCOCC,C=CC+[CH2]CCOCC,True,True,True,True,rmg_rxn_348
[CH]=CC+CCCOCC<=>C=CC+[CH2]COCCC,[CH]=CC,CCCOCC,C=CC,[CH2]COCCC,[CH]=CC+CCCOCC,C=CC+[CH2]COCCC,True,True,True,True,rmg_rxn_349
[CH]=CC+C1COCOC1<=>C=CC+[CH]1COCOC1,[CH]=CC,C1COCOC1,C=CC,[CH]1COCOC1,[CH]=CC+C1COCOC1,C=CC+[CH]1COCOC1,True,True,True,True,rmg_rxn_350
[CH]=CC+C1COCOC1<=>C=CC+[CH]1CCOCO1,[CH]=CC,C1COCOC1,C=CC,[CH]1CCOCO1,[CH]=CC+C1COCOC1,C=CC+[CH]1CCOCO1,True,True,True,True,rmg_rxn_351
[CH]=CC+C1COCOC1<=>C=CC+[CH]1OCCCO1,[CH]=CC,C1COCOC1,C=CC,[CH]1OCCCO1,[CH]=CC+C1COCOC1,C=CC+[CH]1OCCCO1,True,True,True,True,rmg_rxn_352
[SH]+C=CC<=>S+[CH]=CC,[SH],C=CC,S,[CH]=CC,[SH]+C=CC,S+[CH]=CC,True,True,True,True,rmg_rxn_353
C=CC+CCS[CH]C<=>[CH]=CC+CCSCC,C=CC,CCS[CH]C,[CH]=CC,CCSCC,C=CC+CCS[CH]C,[CH]=CC+CCSCC,True,True,True,True,rmg_rxn_354
[CH]=CC+CCSCC<=>C=CC+[CH2]CSCC,[CH]=CC,CCSCC,C=CC,[CH2]CSCC,[CH]=CC+CCSCC,C=CC+[CH2]CSCC,True,True,True,True,rmg_rxn_355
CCN=O+[CH]=CC<=>CC=N[O]+C=CC,CCN=O,[CH]=CC,CC=N[O],C=CC,CCN=O+[CH]=CC,CC=N[O]+C=CC,True,True,True,True,rmg_rxn_356
CCN=O+[CH]=CC<=>[CH2]CN=O+C=CC,CCN=O,[CH]=CC,[CH2]CN=O,C=CC,CCN=O+[CH]=CC,[CH2]CN=O+C=CC,True,True,True,True,rmg_rxn_357
CC[NH]+[CH]=CC<=>CC[N]+C=CC,CC[NH],[CH]=CC,CC[N],C=CC,CC[NH]+[CH]=CC,CC[N]+C=CC,True,True,True,True,rmg_rxn_362
[NH]N+[CH]=CC<=>[N]N+C=CC,[NH]N,[CH]=CC,[N]N,C=CC,[NH]N+[CH]=CC,[N]N+C=CC,True,True,True,True,rmg_rxn_363
[CH]=CC+[CH2]CC<=>C=CC+[CH]CC,[CH]=CC,[CH2]CC,C=CC,[CH]CC,[CH]=CC+[CH2]CC,C=CC+[CH]CC,True,True,True,True,rmg_rxn_364
CCS+[CH]=CC<=>CC[S]+C=CC,CCS,[CH]=CC,CC[S],C=CC,CCS+[CH]=CC,CC[S]+C=CC,True,True,True,True,rmg_rxn_365
CC=NO+[CH]=CC<=>CC=N[O]+C=CC,CC=NO,[CH]=CC,CC=N[O],C=CC,CC=NO+[CH]=CC,CC=N[O]+C=CC,True,True,True,True,rmg_rxn_367
[CH]=CC+CCCO<=>C=CC+CCC[O],[CH]=CC,CCCO,C=CC,CCC[O],[CH]=CC+CCCO,C=CC+CCC[O],True,True,True,True,rmg_rxn_368
CC[O]+CCCC<=>CCO+C[CH]CC,CC[O],CCCC,CCO,C[CH]CC,CC[O]+CCCC,CCO+C[CH]CC,True,True,True,True,rmg_rxn_370
CC[O]+CCCC<=>CCO+[CH2]CCC,CC[O],CCCC,CCO,[CH2]CCC,CC[O]+CCCC,CCO+[CH2]CCC,True,True,True,True,rmg_rxn_371
CC[O]+CCCOCC<=>CCO+C[CH]COCC,CC[O],CCCOCC,CCO,C[CH]COCC,CC[O]+CCCOCC,CCO+C[CH]COCC,True,True,True,True,rmg_rxn_372
CC[O]+CCCOCC<=>CCO+CC[CH]OCC,CC[O],CCCOCC,CCO,CC[CH]OCC,CC[O]+CCCOCC,CCO+CC[CH]OCC,True,True,True,True,rmg_rxn_373
CC[O]+CCCOCC<=>CCO+C[CH]OCCC,CC[O],CCCOCC,CCO,C[CH]OCCC,CC[O]+CCCOCC,CCO+C[CH]OCCC,True,True,True,True,rmg_rxn_374
CC[O]+CCCOCC<=>CCO+[CH2]CCOCC,CC[O],CCCOCC,CCO,[CH2]CCOCC,CC[O]+CCCOCC,CCO+[CH2]CCOCC,True,True,True,True,rmg_rxn_375
CC[O]+CCCOCC<=>CCO+[CH2]COCCC,CC[O],CCCOCC,CCO,[CH2]COCCC,CC[O]+CCCOCC,CCO+[CH2]COCCC,True,True,True,True,rmg_rxn_376
CC[O]+C1COCOC1<=>CCO+[CH]1COCOC1,CC[O],C1COCOC1,CCO,[CH]1COCOC1,CC[O]+C1COCOC1,CCO+[CH]1COCOC1,True,True,True,True,rmg_rxn_377
CC[O]+C1COCOC1<=>CCO+[CH]1CCOCO1,CC[O],C1COCOC1,CCO,[CH]1CCOCO1,CC[O]+C1COCOC1,CCO+[CH]1CCOCO1,True,True,True,True,rmg_rxn_378
CC[O]+C1COCOC1<=>CCO+[CH]1OCCCO1,CC[O],C1COCOC1,CCO,[CH]1OCCCO1,CC[O]+C1COCOC1,CCO+[CH]1OCCCO1,True,True,True,True,rmg_rxn_379
S+CC[O]<=>[SH]+CCO,S,CC[O],[SH],CCO,S+CC[O],[SH]+CCO,True,True,True,True,rmg_rxn_380
CC[O]+CCSCC<=>CCO+CCS[CH]C,CC[O],CCSCC,CCO,CCS[CH]C,CC[O]+CCSCC,CCO+CCS[CH]C,True,True,True,True,rmg_rxn_381
CC[O]+CCSCC<=>CCO+[CH2]CSCC,CC[O],CCSCC,CCO,[CH2]CSCC,CC[O]+CCSCC,CCO+[CH2]CSCC,True,True,True,True,rmg_rxn_382
CC[O]+CCN=O<=>CC=N[O]+CCO,CC[O],CCN=O,CC=N[O],CCO,CC[O]+CCN=O,CC=N[O]+CCO,True,True,True,True,rmg_rxn_383
CC[O]+CCN=O<=>[CH2]CN=O+CCO,CC[O],CCN=O,[CH2]CN=O,CCO,CC[O]+CCN=O,[CH2]CN=O+CCO,True,True,True,True,rmg_rxn_384
CC#N+CC[O]<=>C=C=[N]+CCO,CC#N,CC[O],C=C=[N],CCO,CC#N+CC[O],C=C=[N]+CCO,True,True,True,True,rmg_rxn_387
CC[O]+CC#CC<=>CCO+[CH2]C#CC,CC[O],CC#CC,CCO,[CH2]C#CC,CC[O]+CC#CC,CCO+[CH2]C#CC,True,True,True,True,rmg_rxn_388
CC[O]+CC[NH]<=>CC[N]+CCO,CC[O],CC[NH],CC[N],CCO,CC[O]+CC[NH],CC[N]+CCO,True,True,True,True,rmg_rxn_389
[NH]N+CC[O]<=>[N]N+CCO,[NH]N,CC[O],[N]N,CCO,[NH]N+CC[O],[N]N+CCO,True,True,True,True,rmg_rxn_390
CCO+[CH]CC<=>CC[O]+[CH2]CC,CCO,[CH]CC,CC[O],[CH2]CC,CCO+[CH]CC,CC[O]+[CH2]CC,True,True,True,True,rmg_rxn_391
CC[O]+CCS<=>CC[S]+CCO,CC[O],CCS,CC[S],CCO,CC[O]+CCS,CC[S]+CCO,True,True,True,True,rmg_rxn_392
CC[O]+CC=NO<=>CC=N[O]+CCO,CC[O],CC=NO,CC=N[O],CCO,CC[O]+CC=NO,CC=N[O]+CCO,True,True,True,True,rmg_rxn_394
CCO+CCC[O]<=>CC[O]+CCCO,CCO,CCC[O],CC[O],CCCO,CCO+CCC[O],CC[O]+CCCO,True,True,True,True,rmg_rxn_395
CCO+[CH]=CC<=>CC[O]+C=CC,CCO,[CH]=CC,CC[O],C=CC,CCO+[CH]=CC,CC[O]+C=CC,True,True,True,True,rmg_rxn_396
[O]O+C[CH]CC<=>[O][O]+CCCC,[O]O,C[CH]CC,[O][O],CCCC,[O]O+C[CH]CC,[O][O]+CCCC,True,True,True,True,rmg_rxn_398
[O]O+[CH2]CCC<=>[O][O]+CCCC,[O]O,[CH2]CCC,[O][O],CCCC,[O]O+[CH2]CCC,[O][O]+CCCC,True,True,True,True,rmg_rxn_399
[O]O+C[CH]OCCC<=>[O][O]+CCCOCC,[O]O,C[CH]OCCC,[O][O],CCCOCC,[O]O+C[CH]OCCC,[O][O]+CCCOCC,True,True,True,True,rmg_rxn_402
[O]O+[CH2]COCCC<=>[O][O]+CCCOCC,[O]O,[CH2]COCCC,[O][O],CCCOCC,[O]O+[CH2]COCCC,[O][O]+CCCOCC,True,True,True,True,rmg_rxn_404
[O]O+[CH]1COCOC1<=>[O][O]+C1COCOC1,[O]O,[CH]1COCOC1,[O][O],C1COCOC1,[O]O+[CH]1COCOC1,[O][O]+C1COCOC1,True,True,True,True,rmg_rxn_405
[O]O+[CH]1CCOCO1<=>[O][O]+C1COCOC1,[O]O,[CH]1CCOCO1,[O][O],C1COCOC1,[O]O+[CH]1CCOCO1,[O][O]+C1COCOC1,True,True,True,True,rmg_rxn_406
[SH]+[O]O<=>[O][O]+S,[SH],[O]O,[O][O],S,[SH]+[O]O,[O][O]+S,True,True,True,True,rmg_rxn_408
[O]O+CCS[CH]C<=>[O][O]+CCSCC,[O]O,CCS[CH]C,[O][O],CCSCC,[O]O+CCS[CH]C,[O][O]+CCSCC,True,True,True,True,rmg_rxn_409
[O]O+[CH2]CSCC<=>[O][O]+CCSCC,[O]O,[CH2]CSCC,[O][O],CCSCC,[O]O+[CH2]CSCC,[O][O]+CCSCC,True,True,True,True,rmg_rxn_410
[O]O+CC=N[O]<=>[O][O]+CCN=O,[O]O,CC=N[O],[O][O],CCN=O,[O]O+CC=N[O],[O][O]+CCN=O,True,True,True,True,rmg_rxn_411
[O]O+[CH2]CN=O<=>[O][O]+CCN=O,[O]O,[CH2]CN=O,[O][O],CCN=O,[O]O+[CH2]CN=O,[O][O]+CCN=O,True,True,True,True,rmg_rxn_412
[O]O+CC[N]<=>[O][O]+CC[NH],[O]O,CC[N],[O][O],CC[NH],[O]O+CC[N],[O][O]+CC[NH],True,True,True,True,rmg_rxn_417
[O]O+[N]N<=>[O][O]+[NH]N,[O]O,[N]N,[O][O],[NH]N,[O]O+[N]N,[O][O]+[NH]N,True,True,True,True,rmg_rxn_418
[O]O+[CH]CC<=>[O][O]+[CH2]CC,[O]O,[CH]CC,[O][O],[CH2]CC,[O]O+[CH]CC,[O][O]+[CH2]CC,True,True,True,True,rmg_rxn_419
[O]O+CC[S]<=>[O][O]+CCS,[O]O,CC[S],[O][O],CCS,[O]O+CC[S],[O][O]+CCS,True,True,True,True,rmg_rxn_420
[O]O+CC=N[O]<=>[O][O]+CC=NO,[O]O,CC=N[O],[O][O],CC=NO,[O]O+CC=N[O],[O][O]+CC=NO,True,True,True,True,rmg_rxn_422
[O]O+CCC[O]<=>[O][O]+CCCO,[O]O,CCC[O],[O][O],CCCO,[O]O+CCC[O],[O][O]+CCCO,True,True,True,True,rmg_rxn_423
[O][O]+C=CC<=>[O]O+[CH]=CC,[O][O],C=CC,[O]O,[CH]=CC,[O][O]+C=CC,[O]O+[CH]=CC,True,True,True,True,rmg_rxn_424
[O]O+CC[O]<=>[O][O]+CCO,[O]O,CC[O],[O][O],CCO,[O]O+CC[O],[O][O]+CCO,True,True,True,True,rmg_rxn_425
[CH2]CC+CCSCC<=>CCC+CCS[CH]C,[CH2]CC,CCSCC,CCC,CCS[CH]C,[CH2]CC+CCSCC,CCC+CCS[CH]C,True,True,True,True,rmg_rxn_498
[CH2]CC+CCSCC<=>CCC+[CH2]CSCC,[CH2]CC,CCSCC,CCC,[CH2]CSCC,[CH2]CC+CCSCC,CCC+[CH2]CSCC,True,True,True,True,rmg_rxn_499
CCN=O+[CH2]CC<=>CC=N[O]+CCC,CCN=O,[CH2]CC,CC=N[O],CCC,CCN=O+[CH2]CC,CC=N[O]+CCC,True,True,True,True,rmg_rxn_500
CCN=O+[CH2]CC<=>[CH2]CN=O+CCC,CCN=O,[CH2]CC,[CH2]CN=O,CCC,CCN=O+[CH2]CC,[CH2]CN=O+CCC,True,True,True,True,rmg_rxn_501
CC#N+[CH2]CC<=>C=C=[N]+CCC,CC#N,[CH2]CC,C=C=[N],CCC,CC#N+[CH2]CC,C=C=[N]+CCC,True,True,True,True,rmg_rxn_504
[CH2]CC+CC#CC<=>CCC+[CH2]C#CC,[CH2]CC,CC#CC,CCC,[CH2]C#CC,[CH2]CC+CC#CC,CCC+[CH2]C#CC,True,True,True,True,rmg_rxn_505
CC[NH]+[CH2]CC<=>CC[N]+CCC,CC[NH],[CH2]CC,CC[N],CCC,CC[NH]+[CH2]CC,CC[N]+CCC,True,True,True,True,rmg_rxn_506
[NH]N+[CH2]CC<=>[N]N+CCC,[NH]N,[CH2]CC,[N]N,CCC,[NH]N+[CH2]CC,[N]N+CCC,True,True,True,True,rmg_rxn_507
[CH]CC+CCC<=>[CH2]CC+[CH2]CC,[CH]CC,CCC,[CH2]CC,[CH2]CC,[CH]CC+CCC,[CH2]CC+[CH2]CC,True,True,True,True,rmg_rxn_508
CCS+[CH2]CC<=>CC[S]+CCC,CCS,[CH2]CC,CC[S],CCC,CCS+[CH2]CC,CC[S]+CCC,True,True,True,True,rmg_rxn_509
CC=NO+[CH2]CC<=>CC=N[O]+CCC,CC=NO,[CH2]CC,CC=N[O],CCC,CC=NO+[CH2]CC,CC=N[O]+CCC,True,True,True,True,rmg_rxn_511
CCC[O]+CCC<=>[CH2]CC+CCCO,CCC[O],CCC,[CH2]CC,CCCO,CCC[O]+CCC,[CH2]CC+CCCO,True,True,True,True,rmg_rxn_512
[CH]=CC+CCC<=>C=CC+[CH2]CC,[CH]=CC,CCC,C=CC,[CH2]CC,[CH]=CC+CCC,C=CC+[CH2]CC,True,True,True,True,rmg_rxn_513
CC[O]+CCC<=>CCO+[CH2]CC,CC[O],CCC,CCO,[CH2]CC,CC[O]+CCC,CCO+[CH2]CC,True,True,True,True,rmg_rxn_514
[O]O+[CH2]CC<=>[O][O]+CCC,[O]O,[CH2]CC,[O][O],CCC,[O]O+[CH2]CC,[O][O]+CCC,True,True,True,True,rmg_rxn_515
CSCC+C[CH]CC<=>[CH2]SCC+CCCC,CSCC,C[CH]CC,[CH2]SCC,CCCC,CSCC+C[CH]CC,[CH2]SCC+CCCC,True,True,True,True,rmg_rxn_519
CSCC+[CH2]CCC<=>[CH2]SCC+CCCC,CSCC,[CH2]CCC,[CH2]SCC,CCCC,CSCC+[CH2]CCC,[CH2]SCC+CCCC,True,True,True,True,rmg_rxn_520
CSCC+C[CH]COCC<=>[CH2]SCC+CCCOCC,CSCC,C[CH]COCC,[CH2]SCC,CCCOCC,CSCC+C[CH]COCC,[CH2]SCC+CCCOCC,True,True,True,True,rmg_rxn_521
CSCC+CC[CH]OCC<=>[CH2]SCC+CCCOCC,CSCC,CC[CH]OCC,[CH2]SCC,CCCOCC,CSCC+CC[CH]OCC,[CH2]SCC+CCCOCC,True,True,True,True,rmg_rxn_522
CSCC+C[CH]OCCC<=>[CH2]SCC+CCCOCC,CSCC,C[CH]OCCC,[CH2]SCC,CCCOCC,CSCC+C[CH]OCCC,[CH2]SCC+CCCOCC,True,True,True,True,rmg_rxn_523
CSCC+[CH2]CCOCC<=>[CH2]SCC+CCCOCC,CSCC,[CH2]CCOCC,[CH2]SCC,CCCOCC,CSCC+[CH2]CCOCC,[CH2]SCC+CCCOCC,True,True,True,True,rmg_rxn_524
CSCC+[CH2]COCCC<=>[CH2]SCC+CCCOCC,CSCC,[CH2]COCCC,[CH2]SCC,CCCOCC,CSCC+[CH2]COCCC,[CH2]SCC+CCCOCC,True,True,True,True,rmg_rxn_525
CSCC+[CH]1COCOC1<=>[CH2]SCC+C1COCOC1,CSCC,[CH]1COCOC1,[CH2]SCC,C1COCOC1,CSCC+[CH]1COCOC1,[CH2]SCC+C1COCOC1,True,True,True,True,rmg_rxn_526
CSCC+[CH]1CCOCO1<=>[CH2]SCC+C1COCOC1,CSCC,[CH]1CCOCO1,[CH2]SCC,C1COCOC1,CSCC+[CH]1CCOCO1,[CH2]SCC+C1COCOC1,True,True,True,True,rmg_rxn_527
CSCC+[CH]1OCCCO1<=>[CH2]SCC+C1COCOC1,CSCC,[CH]1OCCCO1,[CH2]SCC,C1COCOC1,CSCC+[CH]1OCCCO1,[CH2]SCC+C1COCOC1,True,True,True,True,rmg_rxn_528
S+[CH2]SCC<=>[SH]+CSCC,S,[CH2]SCC,[SH],CSCC,S+[CH2]SCC,[SH]+CSCC,True,True,True,True,rmg_rxn_529
[CH2]SCC+CCSCC<=>CSCC+CCS[CH]C,[CH2]SCC,CCSCC,CSCC,CCS[CH]C,[CH2]SCC+CCSCC,CSCC+CCS[CH]C,True,True,True,True,rmg_rxn_530
CSCC+[CH2]CSCC<=>[CH2]SCC+CCSCC,CSCC,[CH2]CSCC,[CH2]SCC,CCSCC,CSCC+[CH2]CSCC,[CH2]SCC+CCSCC,True,True,True,True,rmg_rxn_531
[NH]N+[CH2]SCC<=>[N]N+CSCC,[NH]N,[CH2]SCC,[N]N,CSCC,[NH]N+[CH2]SCC,[N]N+CSCC,True,True,True,True,rmg_rxn_539
CCS+[CH2]SCC<=>CC[S]+CSCC,CCS,[CH2]SCC,CC[S],CSCC,CCS+[CH2]SCC,CC[S]+CSCC,True,True,True,True,rmg_rxn_541
CC=NO+[CH2]SCC<=>CC=N[O]+CSCC,CC=NO,[CH2]SCC,CC=N[O],CSCC,CC=NO+[CH2]SCC,CC=N[O]+CSCC,True,True,True,True,rmg_rxn_543
CCC[O]+CSCC<=>[CH2]SCC+CCCO,CCC[O],CSCC,[CH2]SCC,CCCO,CCC[O]+CSCC,[CH2]SCC+CCCO,True,True,True,True,rmg_rxn_544
C=CC+[CH2]SCC<=>[CH]=CC+CSCC,C=CC,[CH2]SCC,[CH]=CC,CSCC,C=CC+[CH2]SCC,[CH]=CC+CSCC,True,True,True,True,rmg_rxn_545
CC[O]+CSCC<=>CCO+[CH2]SCC,CC[O],CSCC,CCO,[CH2]SCC,CC[O]+CSCC,CCO+[CH2]SCC,True,True,True,True,rmg_rxn_546
[O]O+[CH2]SCC<=>[O][O]+CSCC,[O]O,[CH2]SCC,[O][O],CSCC,[O]O+[CH2]SCC,[O][O]+CSCC,True,True,True,True,rmg_rxn_547
[CH2]CC+CSCC<=>[CH2]SCC+CCC,[CH2]CC,CSCC,[CH2]SCC,CCC,[CH2]CC+CSCC,[CH2]SCC+CCC,True,True,True,True,rmg_rxn_550
CN=O+C[CH]CC<=>[CH2]N=O+CCCC,CN=O,C[CH]CC,[CH2]N=O,CCCC,CN=O+C[CH]CC,[CH2]N=O+CCCC,True,True,True,True,rmg_rxn_586
CN=O+[CH2]CCC<=>[CH2]N=O+CCCC,CN=O,[CH2]CCC,[CH2]N=O,CCCC,CN=O+[CH2]CCC,[CH2]N=O+CCCC,True,True,True,True,rmg_rxn_587
CN=O+C[CH]COCC<=>[CH2]N=O+CCCOCC,CN=O,C[CH]COCC,[CH2]N=O,CCCOCC,CN=O+C[CH]COCC,[CH2]N=O+CCCOCC,True,True,True,True,rmg_rxn_588
CN=O+C[CH]OCCC<=>[CH2]N=O+CCCOCC,CN=O,C[CH]OCCC,[CH2]N=O,CCCOCC,CN=O+C[CH]OCCC,[CH2]N=O+CCCOCC,True,True,True,True,rmg_rxn_590
CN=O+[CH2]CCOCC<=>[CH2]N=O+CCCOCC,CN=O,[CH2]CCOCC,[CH2]N=O,CCCOCC,CN=O+[CH2]CCOCC,[CH2]N=O+CCCOCC,True,True,True,True,rmg_rxn_591
CN=O+[CH2]COCCC<=>[CH2]N=O+CCCOCC,CN=O,[CH2]COCCC,[CH2]N=O,CCCOCC,CN=O+[CH2]COCCC,[CH2]N=O+CCCOCC,True,True,True,True,rmg_rxn_592
[SH]+CN=O<=>S+[CH2]N=O,[SH],CN=O,S,[CH2]N=O,[SH]+CN=O,S+[CH2]N=O,True,True,True,True,rmg_rxn_596
[CH2]N=O+CCN=O<=>CN=O+CC=N[O],[CH2]N=O,CCN=O,CN=O,CC=N[O],[CH2]N=O+CCN=O,CN=O+CC=N[O],True,True,True,True,rmg_rxn_599
CN=O+[CH2]CN=O<=>[CH2]N=O+CCN=O,CN=O,[CH2]CN=O,[CH2]N=O,CCN=O,CN=O+[CH2]CN=O,[CH2]N=O+CCN=O,True,True,True,True,rmg_rxn_600
CN=O+CC[N]<=>[CH2]N=O+CC[NH],CN=O,CC[N],[CH2]N=O,CC[NH],CN=O+CC[N],[CH2]N=O+CC[NH],True,True,True,True,rmg_rxn_605
[N]N+CN=O<=>[NH]N+[CH2]N=O,[N]N,CN=O,[NH]N,[CH2]N=O,[N]N+CN=O,[NH]N+[CH2]N=O,True,True,True,True,rmg_rxn_606
CN=O+[CH]CC<=>[CH2]N=O+[CH2]CC,CN=O,[CH]CC,[CH2]N=O,[CH2]CC,CN=O+[CH]CC,[CH2]N=O+[CH2]CC,True,True,True,True,rmg_rxn_607
CN=O+CC=N[O]<=>[CH2]N=O+CC=NO,CN=O,CC=N[O],[CH2]N=O,CC=NO,CN=O+CC=N[O],[CH2]N=O+CC=NO,True,True,True,True,rmg_rxn_610
CN=O+CCC[O]<=>[CH2]N=O+CCCO,CN=O,CCC[O],[CH2]N=O,CCCO,CN=O+CCC[O],[CH2]N=O+CCCO,True,True,True,True,rmg_rxn_611
CN=O+CC[O]<=>[CH2]N=O+CCO,CN=O,CC[O],[CH2]N=O,CCO,CN=O+CC[O],[CH2]N=O+CCO,True,True,True,True,rmg_rxn_613
[O]O+[CH2]N=O<=>[O][O]+CN=O,[O]O,[CH2]N=O,[O][O],CN=O,[O]O+[CH2]N=O,[O][O]+CN=O,True,True,True,True,rmg_rxn_614
CN=O+[CH2]CC<=>[CH2]N=O+CCC,CN=O,[CH2]CC,[CH2]N=O,CCC,CN=O+[CH2]CC,[CH2]N=O+CCC,True,True,True,True,rmg_rxn_617
CN=O+[CH2]SCC<=>[CH2]N=O+CSCC,CN=O,[CH2]SCC,[CH2]N=O,CSCC,CN=O+[CH2]SCC,[CH2]N=O+CSCC,True,True,True,True,rmg_rxn_618
C1COCOC1+[CH2]COCC<=>[CH]1COCOC1+CCOCC,C1COCOC1,[CH2]COCC,[CH]1COCOC1,CCOCC,C1COCOC1+[CH2]COCC,[CH]1COCOC1+CCOCC,True,True,True,True,rmg_rxn_628
C1COCOC1+[CH2]COCC<=>[CH]1CCOCO1+CCOCC,C1COCOC1,[CH2]COCC,[CH]1CCOCO1,CCOCC,C1COCOC1+[CH2]COCC,[CH]1CCOCO1+CCOCC,True,True,True,True,rmg_rxn_629
C1COCOC1+[CH2]COCC<=>[CH]1OCCCO1+CCOCC,C1COCOC1,[CH2]COCC,[CH]1OCCCO1,CCOCC,C1COCOC1+[CH2]COCC,[CH]1OCCCO1+CCOCC,True,True,True,True,rmg_rxn_630
S+[CH2]COCC<=>[SH]+CCOCC,S,[CH2]COCC,[SH],CCOCC,S+[CH2]COCC,[SH]+CCOCC,True,True,True,True,rmg_rxn_631
[CH2]COCC+CCSCC<=>CCS[CH]C+CCOCC,[CH2]COCC,CCSCC,CCS[CH]C,CCOCC,[CH2]COCC+CCSCC,CCS[CH]C+CCOCC,True,True,True,True,rmg_rxn_632
[CH2]COCC+CCSCC<=>[CH2]CSCC+CCOCC,[CH2]COCC,CCSCC,[CH2]CSCC,CCOCC,[CH2]COCC+CCSCC,[CH2]CSCC+CCOCC,True,True,True,True,rmg_rxn_633
CCN=O+[CH2]COCC<=>CC=N[O]+CCOCC,CCN=O,[CH2]COCC,CC=N[O],CCOCC,CCN=O+[CH2]COCC,CC=N[O]+CCOCC,True,True,True,True,rmg_rxn_634
CCN=O+[CH2]COCC<=>[CH2]CN=O+CCOCC,CCN=O,[CH2]COCC,[CH2]CN=O,CCOCC,CCN=O+[CH2]COCC,[CH2]CN=O+CCOCC,True,True,True,True,rmg_rxn_635
CC#N+[CH2]COCC<=>C=C=[N]+CCOCC,CC#N,[CH2]COCC,C=C=[N],CCOCC,CC#N+[CH2]COCC,C=C=[N]+CCOCC,True,True,True,True,rmg_rxn_638
CC#CC+[CH2]COCC<=>[CH2]C#CC+CCOCC,CC#CC,[CH2]COCC,[CH2]C#CC,CCOCC,CC#CC+[CH2]COCC,[CH2]C#CC+CCOCC,True,True,True,True,rmg_rxn_639
CC[NH]+[CH2]COCC<=>CC[N]+CCOCC,CC[NH],[CH2]COCC,CC[N],CCOCC,CC[NH]+[CH2]COCC,CC[N]+CCOCC,True,True,True,True,rmg_rxn_640
[NH]N+[CH2]COCC<=>[N]N+CCOCC,[NH]N,[CH2]COCC,[N]N,CCOCC,[NH]N+[CH2]COCC,[N]N+CCOCC,True,True,True,True,rmg_rxn_641
[CH]CC+CCOCC<=>[CH2]CC+[CH2]COCC,[CH]CC,CCOCC,[CH2]CC,[CH2]COCC,[CH]CC+CCOCC,[CH2]CC+[CH2]COCC,True,True,True,True,rmg_rxn_642
CCS+[CH2]COCC<=>CC[S]+CCOCC,CCS,[CH2]COCC,CC[S],CCOCC,CCS+[CH2]COCC,CC[S]+CCOCC,True,True,True,True,rmg_rxn_643
CC=NO+[CH2]COCC<=>CC=N[O]+CCOCC,CC=NO,[CH2]COCC,CC=N[O],CCOCC,CC=NO+[CH2]COCC,CC=N[O]+CCOCC,True,True,True,True,rmg_rxn_645
CCC[O]+CCOCC<=>CCCO+[CH2]COCC,CCC[O],CCOCC,CCCO,[CH2]COCC,CCC[O]+CCOCC,CCCO+[CH2]COCC,True,True,True,True,rmg_rxn_646
[CH]=CC+CCOCC<=>C=CC+[CH2]COCC,[CH]=CC,CCOCC,C=CC,[CH2]COCC,[CH]=CC+CCOCC,C=CC+[CH2]COCC,True,True,True,True,rmg_rxn_647
CC[O]+CCOCC<=>CCO+[CH2]COCC,CC[O],CCOCC,CCO,[CH2]COCC,CC[O]+CCOCC,CCO+[CH2]COCC,True,True,True,True,rmg_rxn_648
[O]O+[CH2]COCC<=>[O][O]+CCOCC,[O]O,[CH2]COCC,[O][O],CCOCC,[O]O+[CH2]COCC,[O][O]+CCOCC,True,True,True,True,rmg_rxn_649
CCC+[CH2]COCC<=>[CH2]CC+CCOCC,CCC,[CH2]COCC,[CH2]CC,CCOCC,CCC+[CH2]COCC,[CH2]CC+CCOCC,True,True,True,True,rmg_rxn_652
CSCC+[CH2]COCC<=>[CH2]SCC+CCOCC,CSCC,[CH2]COCC,[CH2]SCC,CCOCC,CSCC+[CH2]COCC,[CH2]SCC+CCOCC,True,True,True,True,rmg_rxn_653
C[CH]CC+CCCOC<=>[CH2]OCCC+CCCC,C[CH]CC,CCCOC,[CH2]OCCC,CCCC,C[CH]CC+CCCOC,[CH2]OCCC+CCCC,True,True,True,True,rmg_rxn_657
[CH2]CCC+CCCOC<=>[CH2]OCCC+CCCC,[CH2]CCC,CCCOC,[CH2]OCCC,CCCC,[CH2]CCC+CCCOC,[CH2]OCCC+CCCC,True,True,True,True,rmg_rxn_658
CCCOC+C[CH]COCC<=>[CH2]OCCC+CCCOCC,CCCOC,C[CH]COCC,[CH2]OCCC,CCCOCC,CCCOC+C[CH]COCC,[CH2]OCCC+CCCOCC,True,True,True,True,rmg_rxn_659
[CH2]OCCC+CCCOCC<=>CCCOC+CC[CH]OCC,[CH2]OCCC,CCCOCC,CCCOC,CC[CH]OCC,[CH2]OCCC+CCCOCC,CCCOC+CC[CH]OCC,True,True,True,True,rmg_rxn_660
[CH2]OCCC+CCCOCC<=>CCCOC+C[CH]OCCC,[CH2]OCCC,CCCOCC,CCCOC,C[CH]OCCC,[CH2]OCCC+CCCOCC,CCCOC+C[CH]OCCC,True,True,True,True,rmg_rxn_661
CCCOC+[CH2]CCOCC<=>[CH2]OCCC+CCCOCC,CCCOC,[CH2]CCOCC,[CH2]OCCC,CCCOCC,CCCOC+[CH2]CCOCC,[CH2]OCCC+CCCOCC,True,True,True,True,rmg_rxn_662
CCCOC+[CH2]COCCC<=>[CH2]OCCC+CCCOCC,CCCOC,[CH2]COCCC,[CH2]OCCC,CCCOCC,CCCOC+[CH2]COCCC,[CH2]OCCC+CCCOCC,True,True,True,True,rmg_rxn_663
[CH]1COCOC1+CCCOC<=>C1COCOC1+[CH2]OCCC,[CH]1COCOC1,CCCOC,C1COCOC1,[CH2]OCCC,[CH]1COCOC1+CCCOC,C1COCOC1+[CH2]OCCC,True,True,True,True,rmg_rxn_664
C1COCOC1+[CH2]OCCC<=>[CH]1CCOCO1+CCCOC,C1COCOC1,[CH2]OCCC,[CH]1CCOCO1,CCCOC,C1COCOC1+[CH2]OCCC,[CH]1CCOCO1+CCCOC,True,True,True,True,rmg_rxn_665
[CH]1OCCCO1+CCCOC<=>C1COCOC1+[CH2]OCCC,[CH]1OCCCO1,CCCOC,C1COCOC1,[CH2]OCCC,[CH]1OCCCO1+CCCOC,C1COCOC1+[CH2]OCCC,True,True,True,True,rmg_rxn_666
S+[CH2]OCCC<=>[SH]+CCCOC,S,[CH2]OCCC,[SH],CCCOC,S+[CH2]OCCC,[SH]+CCCOC,True,True,True,True,rmg_rxn_667
[CH2]OCCC+CCSCC<=>CCS[CH]C+CCCOC,[CH2]OCCC,CCSCC,CCS[CH]C,CCCOC,[CH2]OCCC+CCSCC,CCS[CH]C+CCCOC,True,True,True,True,rmg_rxn_668
[CH2]CSCC+CCCOC<=>[CH2]OCCC+CCSCC,[CH2]CSCC,CCCOC,[CH2]OCCC,CCSCC,[CH2]CSCC+CCCOC,[CH2]OCCC+CCSCC,True,True,True,True,rmg_rxn_669
CCN=O+[CH2]OCCC<=>CC=N[O]+CCCOC,CCN=O,[CH2]OCCC,CC=N[O],CCCOC,CCN=O+[CH2]OCCC,CC=N[O]+CCCOC,True,True,True,True,rmg_rxn_670
[CH2]CN=O+CCCOC<=>CCN=O+[CH2]OCCC,[CH2]CN=O,CCCOC,CCN=O,[CH2]OCCC,[CH2]CN=O+CCCOC,CCN=O+[CH2]OCCC,True,True,True,True,rmg_rxn_671
CC#CC+[CH2]OCCC<=>[CH2]C#CC+CCCOC,CC#CC,[CH2]OCCC,[CH2]C#CC,CCCOC,CC#CC+[CH2]OCCC,[CH2]C#CC+CCCOC,True,True,True,True,rmg_rxn_675
CC[NH]+[CH2]OCCC<=>CC[N]+CCCOC,CC[NH],[CH2]OCCC,CC[N],CCCOC,CC[NH]+[CH2]OCCC,CC[N]+CCCOC,True,True,True,True,rmg_rxn_676
[NH]N+[CH2]OCCC<=>[N]N+CCCOC,[NH]N,[CH2]OCCC,[N]N,CCCOC,[NH]N+[CH2]OCCC,[N]N+CCCOC,True,True,True,True,rmg_rxn_677
[CH]CC+CCCOC<=>[CH2]CC+[CH2]OCCC,[CH]CC,CCCOC,[CH2]CC,[CH2]OCCC,[CH]CC+CCCOC,[CH2]CC+[CH2]OCCC,True,True,True,True,rmg_rxn_678
CCS+[CH2]OCCC<=>CC[S]+CCCOC,CCS,[CH2]OCCC,CC[S],CCCOC,CCS+[CH2]OCCC,CC[S]+CCCOC,True,True,True,True,rmg_rxn_679
CC=NO+[CH2]OCCC<=>CC=N[O]+CCCOC,CC=NO,[CH2]OCCC,CC=N[O],CCCOC,CC=NO+[CH2]OCCC,CC=N[O]+CCCOC,True,True,True,True,rmg_rxn_681
[CH]=CC+CCCOC<=>C=CC+[CH2]OCCC,[CH]=CC,CCCOC,C=CC,[CH2]OCCC,[CH]=CC+CCCOC,C=CC+[CH2]OCCC,True,True,True,True,rmg_rxn_683
[O][O]+CCCOC<=>[O]O+[CH2]OCCC,[O][O],CCCOC,[O]O,[CH2]OCCC,[O][O]+CCCOC,[O]O+[CH2]OCCC,True,True,True,True,rmg_rxn_685
[CH2]CC+CCCOC<=>CCC+[CH2]OCCC,[CH2]CC,CCCOC,CCC,[CH2]OCCC,[CH2]CC+CCCOC,CCC+[CH2]OCCC,True,True,True,True,rmg_rxn_688
CSCC+[CH2]OCCC<=>[CH2]SCC+CCCOC,CSCC,[CH2]OCCC,[CH2]SCC,CCCOC,CSCC+[CH2]OCCC,[CH2]SCC+CCCOC,True,True,True,True,rmg_rxn_689
CN=O+[CH2]OCCC<=>[CH2]N=O+CCCOC,CN=O,[CH2]OCCC,[CH2]N=O,CCCOC,CN=O+[CH2]OCCC,[CH2]N=O+CCCOC,True,True,True,True,rmg_rxn_691
[CH2]COCC+CCCOC<=>[CH2]OCCC+CCOCC,[CH2]COCC,CCCOC,[CH2]OCCC,CCOCC,[CH2]COCC+CCCOC,[CH2]OCCC+CCOCC,True,True,True,True,rmg_rxn_692
[C]#N+CCCC<=>C#N+C[CH]CC,[C]#N,CCCC,C#N,C[CH]CC,[C]#N+CCCC,C#N+C[CH]CC,True,True,True,True,rmg_rxn_733
[C]#N+CCCOCC<=>C#N+C[CH]COCC,[C]#N,CCCOCC,C#N,C[CH]COCC,[C]#N+CCCOCC,C#N+C[CH]COCC,True,True,True,True,rmg_rxn_735
[C]#N+CCCOCC<=>C#N+CC[CH]OCC,[C]#N,CCCOCC,C#N,CC[CH]OCC,[C]#N+CCCOCC,C#N+CC[CH]OCC,True,True,True,True,rmg_rxn_736
[C]#N+CCCOCC<=>C#N+C[CH]OCCC,[C]#N,CCCOCC,C#N,C[CH]OCCC,[C]#N+CCCOCC,C#N+C[CH]OCCC,True,True,True,True,rmg_rxn_737
[C]#N+CCCOCC<=>C#N+[CH2]CCOCC,[C]#N,CCCOCC,C#N,[CH2]CCOCC,[C]#N+CCCOCC,C#N+[CH2]CCOCC,True,True,True,True,rmg_rxn_738
[C]#N+CCCOCC<=>C#N+[CH2]COCCC,[C]#N,CCCOCC,C#N,[CH2]COCCC,[C]#N+CCCOCC,C#N+[CH2]COCCC,True,True,True,True,rmg_rxn_739
[C]#N+C1COCOC1<=>C#N+[CH]1COCOC1,[C]#N,C1COCOC1,C#N,[CH]1COCOC1,[C]#N+C1COCOC1,C#N+[CH]1COCOC1,True,True,True,True,rmg_rxn_740
[C]#N+C1COCOC1<=>C#N+[CH]1CCOCO1,[C]#N,C1COCOC1,C#N,[CH]1CCOCO1,[C]#N+C1COCOC1,C#N+[CH]1CCOCO1,True,True,True,True,rmg_rxn_741
[C]#N+C1COCOC1<=>C#N+[CH]1OCCCO1,[C]#N,C1COCOC1,C#N,[CH]1OCCCO1,[C]#N+C1COCOC1,C#N+[CH]1OCCCO1,True,True,True,True,rmg_rxn_742
[C]#N+CCSCC<=>C#N+CCS[CH]C,[C]#N,CCSCC,C#N,CCS[CH]C,[C]#N+CCSCC,C#N+CCS[CH]C,True,True,True,True,rmg_rxn_744
[C]#N+CCSCC<=>C#N+[CH2]CSCC,[C]#N,CCSCC,C#N,[CH2]CSCC,[C]#N+CCSCC,C#N+[CH2]CSCC,True,True,True,True,rmg_rxn_745
[C]#N+CCN=O<=>C#N+CC=N[O],[C]#N,CCN=O,C#N,CC=N[O],[C]#N+CCN=O,C#N+CC=N[O],True,True,True,True,rmg_rxn_746
[C]#N+CCN=O<=>C#N+[CH2]CN=O,[C]#N,CCN=O,C#N,[CH2]CN=O,[C]#N+CCN=O,C#N+[CH2]CN=O,True,True,True,True,rmg_rxn_747
[C]#N+CC#N<=>C#N+C=C=[N],[C]#N,CC#N,C#N,C=C=[N],[C]#N+CC#N,C#N+C=C=[N],True,True,True,True,rmg_rxn_750
[C]#N+CC#CC<=>C#N+[CH2]C#CC,[C]#N,CC#CC,C#N,[CH2]C#CC,[C]#N+CC#CC,C#N+[CH2]C#CC,True,True,True,True,rmg_rxn_751
[C]#N+[CH2]CC<=>C#N+[CH]CC,[C]#N,[CH2]CC,C#N,[CH]CC,[C]#N+[CH2]CC,C#N+[CH]CC,True,True,True,True,rmg_rxn_754
[C]#N+CCS<=>C#N+CC[S],[C]#N,CCS,C#N,CC[S],[C]#N+CCS,C#N+CC[S],True,True,True,True,rmg_rxn_755
[C]#N+CC=NO<=>C#N+CC=N[O],[C]#N,CC=NO,C#N,CC=N[O],[C]#N+CC=NO,C#N+CC=N[O],True,True,True,True,rmg_rxn_757
[C]#N+CCCO<=>C#N+CCC[O],[C]#N,CCCO,C#N,CCC[O],[C]#N+CCCO,C#N+CCC[O],True,True,True,True,rmg_rxn_758
[C]#N+C=CC<=>C#N+[CH]=CC,[C]#N,C=CC,C#N,[CH]=CC,[C]#N+C=CC,C#N+[CH]=CC,True,True,True,True,rmg_rxn_759
[C]#N+CCO<=>C#N+CC[O],[C]#N,CCO,C#N,CC[O],[C]#N+CCO,C#N+CC[O],True,True,True,True,rmg_rxn_760
[O]O+[C]#N<=>[O][O]+C#N,[O]O,[C]#N,[O][O],C#N,[O]O+[C]#N,[O][O]+C#N,True,True,True,True,rmg_rxn_761
[C]#N+CSCC<=>C#N+[CH2]SCC,[C]#N,CSCC,C#N,[CH2]SCC,[C]#N+CSCC,C#N+[CH2]SCC,True,True,True,True,rmg_rxn_765
[C]#N+CN=O<=>C#N+[CH2]N=O,[C]#N,CN=O,C#N,[CH2]N=O,[C]#N+CN=O,C#N+[CH2]N=O,True,True,True,True,rmg_rxn_767
[C]#N+CCOCC<=>C#N+[CH2]COCC,[C]#N,CCOCC,C#N,[CH2]COCC,[C]#N+CCOCC,C#N+[CH2]COCC,True,True,True,True,rmg_rxn_768
[C]#N+CCCOC<=>C#N+[CH2]OCCC,[C]#N,CCCOC,C#N,[CH2]OCCC,[C]#N+CCCOC,C#N+[CH2]OCCC,True,True,True,True,rmg_rxn_769
